part_number,model,manual_title,manual_url,page,diagram_ref,match_note
"783750","2010","Series 2000 Lift Assembly Exploded Diagram","https://sumner.com/wp-content/uploads/sites/14/2025/11/Series-2000-Lift-Assembly-Exploded-Diagram.pdf","","exploded_view","Found in parts diagram"
"783750","2015","Series 2000 Lift Assembly Exploded Diagram","https://sumner.com/wp-content/uploads/sites/14/2025/11/Series-2000-Lift-Assembly-Exploded-Diagram.pdf","","exploded_view","Found in parts diagram"
"783750","2020","Series 2000 Lift Assembly Exploded Diagram","https://sumner.com/wp-content/uploads/sites/14/2025/11/Series-2000-Lift-Assembly-Exploded-Diagram.pdf","","exploded_view","Found in parts diagram"
"783750","2025","Series 2000 Lift Assembly Exploded Diagram","https://sumner.com/wp-content/uploads/sites/14/2025/11/Series-2000-Lift-Assembly-Exploded-Diagram.pdf","","exploded_view","Found in parts diagram"
"783746","2010","Series 2000 Lift Assembly Exploded Diagram","https://sumner.com/wp-content/uploads/sites/14/2025/11/Series-2000-Lift-Assembly-Exploded-Diagram.pdf","","exploded_view","Found in parts diagram"
"783746","2015","Series 2000 Lift Assembly Exploded Diagram","https://sumner.com/wp-content/uploads/sites/14/2025/11/Series-2000-Lift-Assembly-Exploded-Diagram.pdf","","exploded_view","Found in parts diagram"
"783746","2020","Series 2000 Lift Assembly Exploded Diagram","https://sumner.com/wp-content/uploads/sites/14/2025/11/Series-2000-Lift-Assembly-Exploded-Diagram.pdf","","exploded_view","Found in parts diagram"
"783746","2025","Series 2000 Lift Assembly Exploded Diagram","https://sumner.com/wp-content/uploads/sites/14/2025/11/Series-2000-Lift-Assembly-Exploded-Diagram.pdf","","exploded_view","Found in parts diagram"
"783730","2010","Series 2000 Lift Assembly Exploded Diagram","https://sumner.com/wp-content/uploads/sites/14/2025/11/Series-2000-Lift-Assembly-Exploded-Diagram.pdf","","exploded_view","Found in parts diagram"
"783730","2015","Series 2000 Lift Assembly Exploded Diagram","https://sumner.com/wp-content/uploads/sites/14/2025/11/Series-2000-Lift-Assembly-Exploded-Diagram.pdf","","exploded_view","Found in parts diagram"
"783730","2020","Series 2000 Lift Assembly Exploded Diagram","https://sumner.com/wp-content/uploads/sites/14/2025/11/Series-2000-Lift-Assembly-Exploded-Diagram.pdf","","exploded_view","Found in parts diagram"
"783730","2025","Series 2000 Lift Assembly Exploded Diagram","https://sumner.com/wp-content/uploads/sites/14/2025/11/Series-2000-Lift-Assembly-Exploded-Diagram.pdf","","exploded_view","Found in parts diagram"
"783739","2010","Series 2000 Lift Assembly Exploded Diagram","https://sumner.com/wp-content/uploads/sites/14/2025/11/Series-2000-Lift-Assembly-Exploded-Diagram.pdf","","exploded_view","Found in parts diagram"
"783739","2015","Series 2000 Lift Assembly Exploded Diagram","https://sumner.com/wp-content/uploads/sites/14/2025/11/Series-2000-Lift-Assembly-Exploded-Diagram.pdf","","exploded_view","Found in parts diagram"
"783739","2020","Series 2000 Lift Assembly Exploded Diagram","https://sumner.com/wp-content/uploads/sites/14/2025/11/Series-2000-Lift-Assembly-Exploded-Diagram.pdf","","exploded_view","Found in parts diagram"
"783739","2025","Series 2000 Lift Assembly Exploded Diagram","https://sumner.com/wp-content/uploads/sites/14/2025/11/Series-2000-Lift-Assembly-Exploded-Diagram.pdf","","exploded_view","Found in parts diagram"
"783824","2010","Series 2000 Lift Assembly Exploded Diagram","https://sumner.com/wp-content/uploads/sites/14/2025/11/Series-2000-Lift-Assembly-Exploded-Diagram.pdf","","exploded_view","Found in parts diagram"
"783824","2015","Series 2000 Lift Assembly Exploded Diagram","https://sumner.com/wp-content/uploads/sites/14/2025/11/Series-2000-Lift-Assembly-Exploded-Diagram.pdf","","exploded_view","Found in parts diagram"
"783824","2020","Series 2000 Lift Assembly Exploded Diagram","https://sumner.com/wp-content/uploads/sites/14/2025/11/Series-2000-Lift-Assembly-Exploded-Diagram.pdf","","exploded_view","Found in parts diagram"
"783824","2025","Series 2000 Lift Assembly Exploded Diagram","https://sumner.com/wp-content/uploads/sites/14/2025/11/Series-2000-Lift-Assembly-Exploded-Diagram.pdf","","exploded_view","Found in parts diagram"
"783825","2010","Series 2000 Lift Assembly Exploded Diagram","https://sumner.com/wp-content/uploads/sites/14/2025/11/Series-2000-Lift-Assembly-Exploded-Diagram.pdf","","exploded_view","Found in parts diagram"
"783825","2015","Series 2000 Lift Assembly Exploded Diagram","https://sumner.com/wp-content/uploads/sites/14/2025/11/Series-2000-Lift-Assembly-Exploded-Diagram.pdf","","exploded_view","Found in parts diagram"
"783825","2020","Series 2000 Lift Assembly Exploded Diagram","https://sumner.com/wp-content/uploads/sites/14/2025/11/Series-2000-Lift-Assembly-Exploded-Diagram.pdf","","exploded_view","Found in parts diagram"
"783825","2025","Series 2000 Lift Assembly Exploded Diagram","https://sumner.com/wp-content/uploads/sites/14/2025/11/Series-2000-Lift-Assembly-Exploded-Diagram.pdf","","exploded_view","Found in parts diagram"
"783826","2010","Series 2000 Lift Assembly Exploded Diagram","https://sumner.com/wp-content/uploads/sites/14/2025/11/Series-2000-Lift-Assembly-Exploded-Diagram.pdf","","exploded_view","Found in parts diagram"
"783826","2015","Series 2000 Lift Assembly Exploded Diagram","https://sumner.com/wp-content/uploads/sites/14/2025/11/Series-2000-Lift-Assembly-Exploded-Diagram.pdf","","exploded_view","Found in parts diagram"
"783826","2020","Series 2000 Lift Assembly Exploded Diagram","https://sumner.com/wp-content/uploads/sites/14/2025/11/Series-2000-Lift-Assembly-Exploded-Diagram.pdf","","exploded_view","Found in parts diagram"
"783826","2025","Series 2000 Lift Assembly Exploded Diagram","https://sumner.com/wp-content/uploads/sites/14/2025/11/Series-2000-Lift-Assembly-Exploded-Diagram.pdf","","exploded_view","Found in parts diagram"
"783533","2010","Series 2000 Lift Assembly Exploded Diagram","https://sumner.com/wp-content/uploads/sites/14/2025/11/Series-2000-Lift-Assembly-Exploded-Diagram.pdf","","exploded_view","Found in parts diagram"
"783533","2015","Series 2000 Lift Assembly Exploded Diagram","https://sumner.com/wp-content/uploads/sites/14/2025/11/Series-2000-Lift-Assembly-Exploded-Diagram.pdf","","exploded_view","Found in parts diagram"
"783533","2020","Series 2000 Lift Assembly Exploded Diagram","https://sumner.com/wp-content/uploads/sites/14/2025/11/Series-2000-Lift-Assembly-Exploded-Diagram.pdf","","exploded_view","Found in parts diagram"
"783533","2025","Series 2000 Lift Assembly Exploded Diagram","https://sumner.com/wp-content/uploads/sites/14/2025/11/Series-2000-Lift-Assembly-Exploded-Diagram.pdf","","exploded_view","Found in parts diagram"
"783653","2010","Series 2000 Lift Assembly Exploded Diagram","https://sumner.com/wp-content/uploads/sites/14/2025/11/Series-2000-Lift-Assembly-Exploded-Diagram.pdf","","exploded_view","Found in parts diagram"
"783653","2015","Series 2000 Lift Assembly Exploded Diagram","https://sumner.com/wp-content/uploads/sites/14/2025/11/Series-2000-Lift-Assembly-Exploded-Diagram.pdf","","exploded_view","Found in parts diagram"
"783653","2020","Series 2000 Lift Assembly Exploded Diagram","https://sumner.com/wp-content/uploads/sites/14/2025/11/Series-2000-Lift-Assembly-Exploded-Diagram.pdf","","exploded_view","Found in parts diagram"
"783653","2025","Series 2000 Lift Assembly Exploded Diagram","https://sumner.com/wp-content/uploads/sites/14/2025/11/Series-2000-Lift-Assembly-Exploded-Diagram.pdf","","exploded_view","Found in parts diagram"
"774053","2010","Series 2000 Lift Assembly Exploded Diagram","https://sumner.com/wp-content/uploads/sites/14/2025/11/Series-2000-Lift-Assembly-Exploded-Diagram.pdf","","exploded_view","Found in parts diagram"
"774053","2015","Series 2000 Lift Assembly Exploded Diagram","https://sumner.com/wp-content/uploads/sites/14/2025/11/Series-2000-Lift-Assembly-Exploded-Diagram.pdf","","exploded_view","Found in parts diagram"
"774053","2020","Series 2000 Lift Assembly Exploded Diagram","https://sumner.com/wp-content/uploads/sites/14/2025/11/Series-2000-Lift-Assembly-Exploded-Diagram.pdf","","exploded_view","Found in parts diagram"
"774053","2025","Series 2000 Lift Assembly Exploded Diagram","https://sumner.com/wp-content/uploads/sites/14/2025/11/Series-2000-Lift-Assembly-Exploded-Diagram.pdf","","exploded_view","Found in parts diagram"
"786585","2010","Series 2000 Lift Assembly Exploded Diagram","https://sumner.com/wp-content/uploads/sites/14/2025/11/Series-2000-Lift-Assembly-Exploded-Diagram.pdf","","exploded_view","Found in parts diagram"
"786585","2015","Series 2000 Lift Assembly Exploded Diagram","https://sumner.com/wp-content/uploads/sites/14/2025/11/Series-2000-Lift-Assembly-Exploded-Diagram.pdf","","exploded_view","Found in parts diagram"
"786585","2020","Series 2000 Lift Assembly Exploded Diagram","https://sumner.com/wp-content/uploads/sites/14/2025/11/Series-2000-Lift-Assembly-Exploded-Diagram.pdf","","exploded_view","Found in parts diagram"
"786585","2025","Series 2000 Lift Assembly Exploded Diagram","https://sumner.com/wp-content/uploads/sites/14/2025/11/Series-2000-Lift-Assembly-Exploded-Diagram.pdf","","exploded_view","Found in parts diagram"
"779012","2010","Series 2000 Lift Assembly Exploded Diagram","https://sumner.com/wp-content/uploads/sites/14/2025/11/Series-2000-Lift-Assembly-Exploded-Diagram.pdf","","exploded_view","Found in parts diagram"
"779012","2015","Series 2000 Lift Assembly Exploded Diagram","https://sumner.com/wp-content/uploads/sites/14/2025/11/Series-2000-Lift-Assembly-Exploded-Diagram.pdf","","exploded_view","Found in parts diagram"
"779012","2020","Series 2000 Lift Assembly Exploded Diagram","https://sumner.com/wp-content/uploads/sites/14/2025/11/Series-2000-Lift-Assembly-Exploded-Diagram.pdf","","exploded_view","Found in parts diagram"
"779012","2025","Series 2000 Lift Assembly Exploded Diagram","https://sumner.com/wp-content/uploads/sites/14/2025/11/Series-2000-Lift-Assembly-Exploded-Diagram.pdf","","exploded_view","Found in parts diagram"
"783620","2010","Series 2000 Lift Assembly Exploded Diagram","https://sumner.com/wp-content/uploads/sites/14/2025/11/Series-2000-Lift-Assembly-Exploded-Diagram.pdf","","exploded_view","Found in parts diagram"
"783620","2015","Series 2000 Lift Assembly Exploded Diagram","https://sumner.com/wp-content/uploads/sites/14/2025/11/Series-2000-Lift-Assembly-Exploded-Diagram.pdf","","exploded_view","Found in parts diagram"
"783620","2020","Series 2000 Lift Assembly Exploded Diagram","https://sumner.com/wp-content/uploads/sites/14/2025/11/Series-2000-Lift-Assembly-Exploded-Diagram.pdf","","exploded_view","Found in parts diagram"
"783620","2025","Series 2000 Lift Assembly Exploded Diagram","https://sumner.com/wp-content/uploads/sites/14/2025/11/Series-2000-Lift-Assembly-Exploded-Diagram.pdf","","exploded_view","Found in parts diagram"
"784490","2010","Series 2000 Lift Assembly Exploded Diagram","https://sumner.com/wp-content/uploads/sites/14/2025/11/Series-2000-Lift-Assembly-Exploded-Diagram.pdf","","exploded_view","Found in parts diagram"
"784490","2015","Series 2000 Lift Assembly Exploded Diagram","https://sumner.com/wp-content/uploads/sites/14/2025/11/Series-2000-Lift-Assembly-Exploded-Diagram.pdf","","exploded_view","Found in parts diagram"
"784490","2020","Series 2000 Lift Assembly Exploded Diagram","https://sumner.com/wp-content/uploads/sites/14/2025/11/Series-2000-Lift-Assembly-Exploded-Diagram.pdf","","exploded_view","Found in parts diagram"
"784490","2025","Series 2000 Lift Assembly Exploded Diagram","https://sumner.com/wp-content/uploads/sites/14/2025/11/Series-2000-Lift-Assembly-Exploded-Diagram.pdf","","exploded_view","Found in parts diagram"
"783582","2010","Series 2000 Lift Assembly Exploded Diagram","https://sumner.com/wp-content/uploads/sites/14/2025/11/Series-2000-Lift-Assembly-Exploded-Diagram.pdf","","exploded_view","Found in parts diagram"
"783582","2015","Series 2000 Lift Assembly Exploded Diagram","https://sumner.com/wp-content/uploads/sites/14/2025/11/Series-2000-Lift-Assembly-Exploded-Diagram.pdf","","exploded_view","Found in parts diagram"
"783582","2020","Series 2000 Lift Assembly Exploded Diagram","https://sumner.com/wp-content/uploads/sites/14/2025/11/Series-2000-Lift-Assembly-Exploded-Diagram.pdf","","exploded_view","Found in parts diagram"
"783582","2025","Series 2000 Lift Assembly Exploded Diagram","https://sumner.com/wp-content/uploads/sites/14/2025/11/Series-2000-Lift-Assembly-Exploded-Diagram.pdf","","exploded_view","Found in parts diagram"
"780819","2010","Series 2000 Lift Assembly Exploded Diagram","https://sumner.com/wp-content/uploads/sites/14/2025/11/Series-2000-Lift-Assembly-Exploded-Diagram.pdf","","exploded_view","Found in parts diagram"
"780819","2015","Series 2000 Lift Assembly Exploded Diagram","https://sumner.com/wp-content/uploads/sites/14/2025/11/Series-2000-Lift-Assembly-Exploded-Diagram.pdf","","exploded_view","Found in parts diagram"
"780819","2020","Series 2000 Lift Assembly Exploded Diagram","https://sumner.com/wp-content/uploads/sites/14/2025/11/Series-2000-Lift-Assembly-Exploded-Diagram.pdf","","exploded_view","Found in parts diagram"
"780819","2025","Series 2000 Lift Assembly Exploded Diagram","https://sumner.com/wp-content/uploads/sites/14/2025/11/Series-2000-Lift-Assembly-Exploded-Diagram.pdf","","exploded_view","Found in parts diagram"
"780820","2010","Series 2000 Lift Assembly Exploded Diagram","https://sumner.com/wp-content/uploads/sites/14/2025/11/Series-2000-Lift-Assembly-Exploded-Diagram.pdf","","exploded_view","Found in parts diagram"
"780820","2015","Series 2000 Lift Assembly Exploded Diagram","https://sumner.com/wp-content/uploads/sites/14/2025/11/Series-2000-Lift-Assembly-Exploded-Diagram.pdf","","exploded_view","Found in parts diagram"
"780820","2020","Series 2000 Lift Assembly Exploded Diagram","https://sumner.com/wp-content/uploads/sites/14/2025/11/Series-2000-Lift-Assembly-Exploded-Diagram.pdf","","exploded_view","Found in parts diagram"
"780820","2025","Series 2000 Lift Assembly Exploded Diagram","https://sumner.com/wp-content/uploads/sites/14/2025/11/Series-2000-Lift-Assembly-Exploded-Diagram.pdf","","exploded_view","Found in parts diagram"
"783575","2010","Series 2000 Lift Assembly Exploded Diagram","https://sumner.com/wp-content/uploads/sites/14/2025/11/Series-2000-Lift-Assembly-Exploded-Diagram.pdf","","exploded_view","Found in parts diagram"
"783575","2015","Series 2000 Lift Assembly Exploded Diagram","https://sumner.com/wp-content/uploads/sites/14/2025/11/Series-2000-Lift-Assembly-Exploded-Diagram.pdf","","exploded_view","Found in parts diagram"
"783575","2020","Series 2000 Lift Assembly Exploded Diagram","https://sumner.com/wp-content/uploads/sites/14/2025/11/Series-2000-Lift-Assembly-Exploded-Diagram.pdf","","exploded_view","Found in parts diagram"
"783575","2025","Series 2000 Lift Assembly Exploded Diagram","https://sumner.com/wp-content/uploads/sites/14/2025/11/Series-2000-Lift-Assembly-Exploded-Diagram.pdf","","exploded_view","Found in parts diagram"
"783916","2010","Series 2000 Lift Assembly Exploded Diagram","https://sumner.com/wp-content/uploads/sites/14/2025/11/Series-2000-Lift-Assembly-Exploded-Diagram.pdf","","exploded_view","Found in parts diagram"
"783916","2015","Series 2000 Lift Assembly Exploded Diagram","https://sumner.com/wp-content/uploads/sites/14/2025/11/Series-2000-Lift-Assembly-Exploded-Diagram.pdf","","exploded_view","Found in parts diagram"
"783916","2020","Series 2000 Lift Assembly Exploded Diagram","https://sumner.com/wp-content/uploads/sites/14/2025/11/Series-2000-Lift-Assembly-Exploded-Diagram.pdf","","exploded_view","Found in parts diagram"
"783916","2025","Series 2000 Lift Assembly Exploded Diagram","https://sumner.com/wp-content/uploads/sites/14/2025/11/Series-2000-Lift-Assembly-Exploded-Diagram.pdf","","exploded_view","Found in parts diagram"
"783918","2010","Series 2000 Lift Assembly Exploded Diagram","https://sumner.com/wp-content/uploads/sites/14/2025/11/Series-2000-Lift-Assembly-Exploded-Diagram.pdf","","exploded_view","Found in parts diagram"
"783918","2015","Series 2000 Lift Assembly Exploded Diagram","https://sumner.com/wp-content/uploads/sites/14/2025/11/Series-2000-Lift-Assembly-Exploded-Diagram.pdf","","exploded_view","Found in parts diagram"
"783918","2020","Series 2000 Lift Assembly Exploded Diagram","https://sumner.com/wp-content/uploads/sites/14/2025/11/Series-2000-Lift-Assembly-Exploded-Diagram.pdf","","exploded_view","Found in parts diagram"
"783918","2025","Series 2000 Lift Assembly Exploded Diagram","https://sumner.com/wp-content/uploads/sites/14/2025/11/Series-2000-Lift-Assembly-Exploded-Diagram.pdf","","exploded_view","Found in parts diagram"
"776055","2010","Series 2000 Lift Assembly Exploded Diagram","https://sumner.com/wp-content/uploads/sites/14/2025/11/Series-2000-Lift-Assembly-Exploded-Diagram.pdf","","exploded_view","Found in parts diagram"
"776055","2015","Series 2000 Lift Assembly Exploded Diagram","https://sumner.com/wp-content/uploads/sites/14/2025/11/Series-2000-Lift-Assembly-Exploded-Diagram.pdf","","exploded_view","Found in parts diagram"
"776055","2020","Series 2000 Lift Assembly Exploded Diagram","https://sumner.com/wp-content/uploads/sites/14/2025/11/Series-2000-Lift-Assembly-Exploded-Diagram.pdf","","exploded_view","Found in parts diagram"
"776055","2025","Series 2000 Lift Assembly Exploded Diagram","https://sumner.com/wp-content/uploads/sites/14/2025/11/Series-2000-Lift-Assembly-Exploded-Diagram.pdf","","exploded_view","Found in parts diagram"
"783040","2010","Series 2000 Lift Assembly Exploded Diagram","https://sumner.com/wp-content/uploads/sites/14/2025/11/Series-2000-Lift-Assembly-Exploded-Diagram.pdf","","exploded_view","Found in parts diagram"
"783040","2015","Series 2000 Lift Assembly Exploded Diagram","https://sumner.com/wp-content/uploads/sites/14/2025/11/Series-2000-Lift-Assembly-Exploded-Diagram.pdf","","exploded_view","Found in parts diagram"
"783040","2020","Series 2000 Lift Assembly Exploded Diagram","https://sumner.com/wp-content/uploads/sites/14/2025/11/Series-2000-Lift-Assembly-Exploded-Diagram.pdf","","exploded_view","Found in parts diagram"
"783040","2025","Series 2000 Lift Assembly Exploded Diagram","https://sumner.com/wp-content/uploads/sites/14/2025/11/Series-2000-Lift-Assembly-Exploded-Diagram.pdf","","exploded_view","Found in parts diagram"
"783886","2010","Series 2000 Lift Assembly Exploded Diagram","https://sumner.com/wp-content/uploads/sites/14/2025/11/Series-2000-Lift-Assembly-Exploded-Diagram.pdf","","exploded_view","Found in parts diagram"
"783886","2015","Series 2000 Lift Assembly Exploded Diagram","https://sumner.com/wp-content/uploads/sites/14/2025/11/Series-2000-Lift-Assembly-Exploded-Diagram.pdf","","exploded_view","Found in parts diagram"
"783886","2020","Series 2000 Lift Assembly Exploded Diagram","https://sumner.com/wp-content/uploads/sites/14/2025/11/Series-2000-Lift-Assembly-Exploded-Diagram.pdf","","exploded_view","Found in parts diagram"
"783886","2025","Series 2000 Lift Assembly Exploded Diagram","https://sumner.com/wp-content/uploads/sites/14/2025/11/Series-2000-Lift-Assembly-Exploded-Diagram.pdf","","exploded_view","Found in parts diagram"
"783834","2010","Series 2000 Lift Assembly Exploded Diagram","https://sumner.com/wp-content/uploads/sites/14/2025/11/Series-2000-Lift-Assembly-Exploded-Diagram.pdf","","exploded_view","Found in parts diagram"
"783834","2015","Series 2000 Lift Assembly Exploded Diagram","https://sumner.com/wp-content/uploads/sites/14/2025/11/Series-2000-Lift-Assembly-Exploded-Diagram.pdf","","exploded_view","Found in parts diagram"
"783834","2020","Series 2000 Lift Assembly Exploded Diagram","https://sumner.com/wp-content/uploads/sites/14/2025/11/Series-2000-Lift-Assembly-Exploded-Diagram.pdf","","exploded_view","Found in parts diagram"
"783834","2025","Series 2000 Lift Assembly Exploded Diagram","https://sumner.com/wp-content/uploads/sites/14/2025/11/Series-2000-Lift-Assembly-Exploded-Diagram.pdf","","exploded_view","Found in parts diagram"
"783887","2010","Series 2000 Lift Assembly Exploded Diagram","https://sumner.com/wp-content/uploads/sites/14/2025/11/Series-2000-Lift-Assembly-Exploded-Diagram.pdf","","exploded_view","Found in parts diagram"
"783887","2015","Series 2000 Lift Assembly Exploded Diagram","https://sumner.com/wp-content/uploads/sites/14/2025/11/Series-2000-Lift-Assembly-Exploded-Diagram.pdf","","exploded_view","Found in parts diagram"
"783887","2020","Series 2000 Lift Assembly Exploded Diagram","https://sumner.com/wp-content/uploads/sites/14/2025/11/Series-2000-Lift-Assembly-Exploded-Diagram.pdf","","exploded_view","Found in parts diagram"
"783887","2025","Series 2000 Lift Assembly Exploded Diagram","https://sumner.com/wp-content/uploads/sites/14/2025/11/Series-2000-Lift-Assembly-Exploded-Diagram.pdf","","exploded_view","Found in parts diagram"
"783856","2010","Series 2000 Lift Assembly Exploded Diagram","https://sumner.com/wp-content/uploads/sites/14/2025/11/Series-2000-Lift-Assembly-Exploded-Diagram.pdf","","exploded_view","Found in parts diagram"
"783856","2015","Series 2000 Lift Assembly Exploded Diagram","https://sumner.com/wp-content/uploads/sites/14/2025/11/Series-2000-Lift-Assembly-Exploded-Diagram.pdf","","exploded_view","Found in parts diagram"
"783856","2020","Series 2000 Lift Assembly Exploded Diagram","https://sumner.com/wp-content/uploads/sites/14/2025/11/Series-2000-Lift-Assembly-Exploded-Diagram.pdf","","exploded_view","Found in parts diagram"
"783856","2025","Series 2000 Lift Assembly Exploded Diagram","https://sumner.com/wp-content/uploads/sites/14/2025/11/Series-2000-Lift-Assembly-Exploded-Diagram.pdf","","exploded_view","Found in parts diagram"
"782910","2010","Series 2000 Lift Assembly Exploded Diagram","https://sumner.com/wp-content/uploads/sites/14/2025/11/Series-2000-Lift-Assembly-Exploded-Diagram.pdf","","exploded_view","Found in parts diagram"
"782910","2015","Series 2000 Lift Assembly Exploded Diagram","https://sumner.com/wp-content/uploads/sites/14/2025/11/Series-2000-Lift-Assembly-Exploded-Diagram.pdf","","exploded_view","Found in parts diagram"
"782910","2020","Series 2000 Lift Assembly Exploded Diagram","https://sumner.com/wp-content/uploads/sites/14/2025/11/Series-2000-Lift-Assembly-Exploded-Diagram.pdf","","exploded_view","Found in parts diagram"
"782910","2025","Series 2000 Lift Assembly Exploded Diagram","https://sumner.com/wp-content/uploads/sites/14/2025/11/Series-2000-Lift-Assembly-Exploded-Diagram.pdf","","exploded_view","Found in parts diagram"
"783551","2010","Series 2000 Lift Assembly Exploded Diagram","https://sumner.com/wp-content/uploads/sites/14/2025/11/Series-2000-Lift-Assembly-Exploded-Diagram.pdf","","exploded_view","Found in parts diagram"
"783551","2015","Series 2000 Lift Assembly Exploded Diagram","https://sumner.com/wp-content/uploads/sites/14/2025/11/Series-2000-Lift-Assembly-Exploded-Diagram.pdf","","exploded_view","Found in parts diagram"
"783551","2020","Series 2000 Lift Assembly Exploded Diagram","https://sumner.com/wp-content/uploads/sites/14/2025/11/Series-2000-Lift-Assembly-Exploded-Diagram.pdf","","exploded_view","Found in parts diagram"
"783551","2025","Series 2000 Lift Assembly Exploded Diagram","https://sumner.com/wp-content/uploads/sites/14/2025/11/Series-2000-Lift-Assembly-Exploded-Diagram.pdf","","exploded_view","Found in parts diagram"
"771060","2010","Series 2000 Lift Assembly Exploded Diagram","https://sumner.com/wp-content/uploads/sites/14/2025/11/Series-2000-Lift-Assembly-Exploded-Diagram.pdf","","exploded_view","Found in parts diagram"
"771060","2015","Series 2000 Lift Assembly Exploded Diagram","https://sumner.com/wp-content/uploads/sites/14/2025/11/Series-2000-Lift-Assembly-Exploded-Diagram.pdf","","exploded_view","Found in parts diagram"
"771060","2020","Series 2000 Lift Assembly Exploded Diagram","https://sumner.com/wp-content/uploads/sites/14/2025/11/Series-2000-Lift-Assembly-Exploded-Diagram.pdf","","exploded_view","Found in parts diagram"
"771060","2025","Series 2000 Lift Assembly Exploded Diagram","https://sumner.com/wp-content/uploads/sites/14/2025/11/Series-2000-Lift-Assembly-Exploded-Diagram.pdf","","exploded_view","Found in parts diagram"
"771146","2010","Series 2000 Lift Assembly Exploded Diagram","https://sumner.com/wp-content/uploads/sites/14/2025/11/Series-2000-Lift-Assembly-Exploded-Diagram.pdf","","exploded_view","Found in parts diagram"
"771146","2015","Series 2000 Lift Assembly Exploded Diagram","https://sumner.com/wp-content/uploads/sites/14/2025/11/Series-2000-Lift-Assembly-Exploded-Diagram.pdf","","exploded_view","Found in parts diagram"
"771146","2020","Series 2000 Lift Assembly Exploded Diagram","https://sumner.com/wp-content/uploads/sites/14/2025/11/Series-2000-Lift-Assembly-Exploded-Diagram.pdf","","exploded_view","Found in parts diagram"
"771146","2025","Series 2000 Lift Assembly Exploded Diagram","https://sumner.com/wp-content/uploads/sites/14/2025/11/Series-2000-Lift-Assembly-Exploded-Diagram.pdf","","exploded_view","Found in parts diagram"
"771248","2010","Series 2000 Lift Assembly Exploded Diagram","https://sumner.com/wp-content/uploads/sites/14/2025/11/Series-2000-Lift-Assembly-Exploded-Diagram.pdf","","exploded_view","Found in parts diagram"
"771248","2015","Series 2000 Lift Assembly Exploded Diagram","https://sumner.com/wp-content/uploads/sites/14/2025/11/Series-2000-Lift-Assembly-Exploded-Diagram.pdf","","exploded_view","Found in parts diagram"
"771248","2020","Series 2000 Lift Assembly Exploded Diagram","https://sumner.com/wp-content/uploads/sites/14/2025/11/Series-2000-Lift-Assembly-Exploded-Diagram.pdf","","exploded_view","Found in parts diagram"
"771248","2025","Series 2000 Lift Assembly Exploded Diagram","https://sumner.com/wp-content/uploads/sites/14/2025/11/Series-2000-Lift-Assembly-Exploded-Diagram.pdf","","exploded_view","Found in parts diagram"
"771257","2010","Series 2000 Lift Assembly Exploded Diagram","https://sumner.com/wp-content/uploads/sites/14/2025/11/Series-2000-Lift-Assembly-Exploded-Diagram.pdf","","exploded_view","Found in parts diagram"
"771257","2015","Series 2000 Lift Assembly Exploded Diagram","https://sumner.com/wp-content/uploads/sites/14/2025/11/Series-2000-Lift-Assembly-Exploded-Diagram.pdf","","exploded_view","Found in parts diagram"
"771257","2020","Series 2000 Lift Assembly Exploded Diagram","https://sumner.com/wp-content/uploads/sites/14/2025/11/Series-2000-Lift-Assembly-Exploded-Diagram.pdf","","exploded_view","Found in parts diagram"
"771257","2025","Series 2000 Lift Assembly Exploded Diagram","https://sumner.com/wp-content/uploads/sites/14/2025/11/Series-2000-Lift-Assembly-Exploded-Diagram.pdf","","exploded_view","Found in parts diagram"
"771252","2010","Series 2000 Lift Assembly Exploded Diagram","https://sumner.com/wp-content/uploads/sites/14/2025/11/Series-2000-Lift-Assembly-Exploded-Diagram.pdf","","exploded_view","Found in parts diagram"
"771252","2015","Series 2000 Lift Assembly Exploded Diagram","https://sumner.com/wp-content/uploads/sites/14/2025/11/Series-2000-Lift-Assembly-Exploded-Diagram.pdf","","exploded_view","Found in parts diagram"
"771252","2020","Series 2000 Lift Assembly Exploded Diagram","https://sumner.com/wp-content/uploads/sites/14/2025/11/Series-2000-Lift-Assembly-Exploded-Diagram.pdf","","exploded_view","Found in parts diagram"
"771252","2025","Series 2000 Lift Assembly Exploded Diagram","https://sumner.com/wp-content/uploads/sites/14/2025/11/Series-2000-Lift-Assembly-Exploded-Diagram.pdf","","exploded_view","Found in parts diagram"
"772355","2010","Series 2000 Lift Assembly Exploded Diagram","https://sumner.com/wp-content/uploads/sites/14/2025/11/Series-2000-Lift-Assembly-Exploded-Diagram.pdf","","exploded_view","Found in parts diagram"
"772355","2015","Series 2000 Lift Assembly Exploded Diagram","https://sumner.com/wp-content/uploads/sites/14/2025/11/Series-2000-Lift-Assembly-Exploded-Diagram.pdf","","exploded_view","Found in parts diagram"
"772355","2020","Series 2000 Lift Assembly Exploded Diagram","https://sumner.com/wp-content/uploads/sites/14/2025/11/Series-2000-Lift-Assembly-Exploded-Diagram.pdf","","exploded_view","Found in parts diagram"
"772355","2025","Series 2000 Lift Assembly Exploded Diagram","https://sumner.com/wp-content/uploads/sites/14/2025/11/Series-2000-Lift-Assembly-Exploded-Diagram.pdf","","exploded_view","Found in parts diagram"
"772503","2010","Series 2000 Lift Assembly Exploded Diagram","https://sumner.com/wp-content/uploads/sites/14/2025/11/Series-2000-Lift-Assembly-Exploded-Diagram.pdf","","exploded_view","Found in parts diagram"
"772503","2015","Series 2000 Lift Assembly Exploded Diagram","https://sumner.com/wp-content/uploads/sites/14/2025/11/Series-2000-Lift-Assembly-Exploded-Diagram.pdf","","exploded_view","Found in parts diagram"
"772503","2020","Series 2000 Lift Assembly Exploded Diagram","https://sumner.com/wp-content/uploads/sites/14/2025/11/Series-2000-Lift-Assembly-Exploded-Diagram.pdf","","exploded_view","Found in parts diagram"
"772503","2025","Series 2000 Lift Assembly Exploded Diagram","https://sumner.com/wp-content/uploads/sites/14/2025/11/Series-2000-Lift-Assembly-Exploded-Diagram.pdf","","exploded_view","Found in parts diagram"
"772358","2010","Series 2000 Lift Assembly Exploded Diagram","https://sumner.com/wp-content/uploads/sites/14/2025/11/Series-2000-Lift-Assembly-Exploded-Diagram.pdf","","exploded_view","Found in parts diagram"
"772358","2015","Series 2000 Lift Assembly Exploded Diagram","https://sumner.com/wp-content/uploads/sites/14/2025/11/Series-2000-Lift-Assembly-Exploded-Diagram.pdf","","exploded_view","Found in parts diagram"
"772358","2020","Series 2000 Lift Assembly Exploded Diagram","https://sumner.com/wp-content/uploads/sites/14/2025/11/Series-2000-Lift-Assembly-Exploded-Diagram.pdf","","exploded_view","Found in parts diagram"
"772358","2025","Series 2000 Lift Assembly Exploded Diagram","https://sumner.com/wp-content/uploads/sites/14/2025/11/Series-2000-Lift-Assembly-Exploded-Diagram.pdf","","exploded_view","Found in parts diagram"
"773040","2010","Series 2000 Lift Assembly Exploded Diagram","https://sumner.com/wp-content/uploads/sites/14/2025/11/Series-2000-Lift-Assembly-Exploded-Diagram.pdf","","exploded_view","Found in parts diagram"
"773040","2015","Series 2000 Lift Assembly Exploded Diagram","https://sumner.com/wp-content/uploads/sites/14/2025/11/Series-2000-Lift-Assembly-Exploded-Diagram.pdf","","exploded_view","Found in parts diagram"
"773040","2020","Series 2000 Lift Assembly Exploded Diagram","https://sumner.com/wp-content/uploads/sites/14/2025/11/Series-2000-Lift-Assembly-Exploded-Diagram.pdf","","exploded_view","Found in parts diagram"
"773040","2025","Series 2000 Lift Assembly Exploded Diagram","https://sumner.com/wp-content/uploads/sites/14/2025/11/Series-2000-Lift-Assembly-Exploded-Diagram.pdf","","exploded_view","Found in parts diagram"
"773094","2010","Series 2000 Lift Assembly Exploded Diagram","https://sumner.com/wp-content/uploads/sites/14/2025/11/Series-2000-Lift-Assembly-Exploded-Diagram.pdf","","exploded_view","Found in parts diagram"
"773094","2015","Series 2000 Lift Assembly Exploded Diagram","https://sumner.com/wp-content/uploads/sites/14/2025/11/Series-2000-Lift-Assembly-Exploded-Diagram.pdf","","exploded_view","Found in parts diagram"
"773094","2020","Series 2000 Lift Assembly Exploded Diagram","https://sumner.com/wp-content/uploads/sites/14/2025/11/Series-2000-Lift-Assembly-Exploded-Diagram.pdf","","exploded_view","Found in parts diagram"
"773094","2025","Series 2000 Lift Assembly Exploded Diagram","https://sumner.com/wp-content/uploads/sites/14/2025/11/Series-2000-Lift-Assembly-Exploded-Diagram.pdf","","exploded_view","Found in parts diagram"
"783935","2010","Series 2000 Lift Assembly Exploded Diagram","https://sumner.com/wp-content/uploads/sites/14/2025/11/Series-2000-Lift-Assembly-Exploded-Diagram.pdf","","exploded_view","Found in parts diagram"
"783935","2015","Series 2000 Lift Assembly Exploded Diagram","https://sumner.com/wp-content/uploads/sites/14/2025/11/Series-2000-Lift-Assembly-Exploded-Diagram.pdf","","exploded_view","Found in parts diagram"
"783935","2020","Series 2000 Lift Assembly Exploded Diagram","https://sumner.com/wp-content/uploads/sites/14/2025/11/Series-2000-Lift-Assembly-Exploded-Diagram.pdf","","exploded_view","Found in parts diagram"
"783935","2025","Series 2000 Lift Assembly Exploded Diagram","https://sumner.com/wp-content/uploads/sites/14/2025/11/Series-2000-Lift-Assembly-Exploded-Diagram.pdf","","exploded_view","Found in parts diagram"
"783552","2010","Series 2000 Lift Assembly Exploded Diagram","https://sumner.com/wp-content/uploads/sites/14/2025/11/Series-2000-Lift-Assembly-Exploded-Diagram.pdf","","exploded_view","Found in parts diagram"
"783552","2015","Series 2000 Lift Assembly Exploded Diagram","https://sumner.com/wp-content/uploads/sites/14/2025/11/Series-2000-Lift-Assembly-Exploded-Diagram.pdf","","exploded_view","Found in parts diagram"
"783552","2020","Series 2000 Lift Assembly Exploded Diagram","https://sumner.com/wp-content/uploads/sites/14/2025/11/Series-2000-Lift-Assembly-Exploded-Diagram.pdf","","exploded_view","Found in parts diagram"
"783552","2025","Series 2000 Lift Assembly Exploded Diagram","https://sumner.com/wp-content/uploads/sites/14/2025/11/Series-2000-Lift-Assembly-Exploded-Diagram.pdf","","exploded_view","Found in parts diagram"
"778382","2010","Series 2000 Lift Assembly Exploded Diagram","https://sumner.com/wp-content/uploads/sites/14/2025/11/Series-2000-Lift-Assembly-Exploded-Diagram.pdf","","exploded_view","Found in parts diagram"
"778382","2015","Series 2000 Lift Assembly Exploded Diagram","https://sumner.com/wp-content/uploads/sites/14/2025/11/Series-2000-Lift-Assembly-Exploded-Diagram.pdf","","exploded_view","Found in parts diagram"
"778382","2020","Series 2000 Lift Assembly Exploded Diagram","https://sumner.com/wp-content/uploads/sites/14/2025/11/Series-2000-Lift-Assembly-Exploded-Diagram.pdf","","exploded_view","Found in parts diagram"
"778382","2025","Series 2000 Lift Assembly Exploded Diagram","https://sumner.com/wp-content/uploads/sites/14/2025/11/Series-2000-Lift-Assembly-Exploded-Diagram.pdf","","exploded_view","Found in parts diagram"
"771107","2010","Series 2000 Lift Assembly Exploded Diagram","https://sumner.com/wp-content/uploads/sites/14/2025/11/Series-2000-Lift-Assembly-Exploded-Diagram.pdf","","exploded_view","Found in parts diagram"
"771107","2015","Series 2000 Lift Assembly Exploded Diagram","https://sumner.com/wp-content/uploads/sites/14/2025/11/Series-2000-Lift-Assembly-Exploded-Diagram.pdf","","exploded_view","Found in parts diagram"
"771107","2020","Series 2000 Lift Assembly Exploded Diagram","https://sumner.com/wp-content/uploads/sites/14/2025/11/Series-2000-Lift-Assembly-Exploded-Diagram.pdf","","exploded_view","Found in parts diagram"
"771107","2025","Series 2000 Lift Assembly Exploded Diagram","https://sumner.com/wp-content/uploads/sites/14/2025/11/Series-2000-Lift-Assembly-Exploded-Diagram.pdf","","exploded_view","Found in parts diagram"
"783808","2010","Series 2000 Lift Assembly Exploded Diagram","https://sumner.com/wp-content/uploads/sites/14/2025/11/Series-2000-Lift-Assembly-Exploded-Diagram.pdf","","exploded_view","Found in parts diagram"
"783808","2015","Series 2000 Lift Assembly Exploded Diagram","https://sumner.com/wp-content/uploads/sites/14/2025/11/Series-2000-Lift-Assembly-Exploded-Diagram.pdf","","exploded_view","Found in parts diagram"
"783808","2020","Series 2000 Lift Assembly Exploded Diagram","https://sumner.com/wp-content/uploads/sites/14/2025/11/Series-2000-Lift-Assembly-Exploded-Diagram.pdf","","exploded_view","Found in parts diagram"
"783808","2025","Series 2000 Lift Assembly Exploded Diagram","https://sumner.com/wp-content/uploads/sites/14/2025/11/Series-2000-Lift-Assembly-Exploded-Diagram.pdf","","exploded_view","Found in parts diagram"
"783489","2010","Series 2000 Lift Assembly Exploded Diagram","https://sumner.com/wp-content/uploads/sites/14/2025/11/Series-2000-Lift-Assembly-Exploded-Diagram.pdf","","exploded_view","Found in parts diagram"
"783489","2015","Series 2000 Lift Assembly Exploded Diagram","https://sumner.com/wp-content/uploads/sites/14/2025/11/Series-2000-Lift-Assembly-Exploded-Diagram.pdf","","exploded_view","Found in parts diagram"
"783489","2020","Series 2000 Lift Assembly Exploded Diagram","https://sumner.com/wp-content/uploads/sites/14/2025/11/Series-2000-Lift-Assembly-Exploded-Diagram.pdf","","exploded_view","Found in parts diagram"
"783489","2025","Series 2000 Lift Assembly Exploded Diagram","https://sumner.com/wp-content/uploads/sites/14/2025/11/Series-2000-Lift-Assembly-Exploded-Diagram.pdf","","exploded_view","Found in parts diagram"
"783536","2010","Series 2000 Lift Assembly Exploded Diagram","https://sumner.com/wp-content/uploads/sites/14/2025/11/Series-2000-Lift-Assembly-Exploded-Diagram.pdf","","exploded_view","Found in parts diagram"
"783536","2015","Series 2000 Lift Assembly Exploded Diagram","https://sumner.com/wp-content/uploads/sites/14/2025/11/Series-2000-Lift-Assembly-Exploded-Diagram.pdf","","exploded_view","Found in parts diagram"
"783536","2020","Series 2000 Lift Assembly Exploded Diagram","https://sumner.com/wp-content/uploads/sites/14/2025/11/Series-2000-Lift-Assembly-Exploded-Diagram.pdf","","exploded_view","Found in parts diagram"
"783536","2025","Series 2000 Lift Assembly Exploded Diagram","https://sumner.com/wp-content/uploads/sites/14/2025/11/Series-2000-Lift-Assembly-Exploded-Diagram.pdf","","exploded_view","Found in parts diagram"
"783921","2010","Series 2000 Lift Assembly Exploded Diagram","https://sumner.com/wp-content/uploads/sites/14/2025/11/Series-2000-Lift-Assembly-Exploded-Diagram.pdf","","exploded_view","Found in parts diagram"
"783921","2015","Series 2000 Lift Assembly Exploded Diagram","https://sumner.com/wp-content/uploads/sites/14/2025/11/Series-2000-Lift-Assembly-Exploded-Diagram.pdf","","exploded_view","Found in parts diagram"
"783921","2020","Series 2000 Lift Assembly Exploded Diagram","https://sumner.com/wp-content/uploads/sites/14/2025/11/Series-2000-Lift-Assembly-Exploded-Diagram.pdf","","exploded_view","Found in parts diagram"
"783921","2025","Series 2000 Lift Assembly Exploded Diagram","https://sumner.com/wp-content/uploads/sites/14/2025/11/Series-2000-Lift-Assembly-Exploded-Diagram.pdf","","exploded_view","Found in parts diagram"
"772505","2010","Series 2000 Lift Assembly Exploded Diagram","https://sumner.com/wp-content/uploads/sites/14/2025/11/Series-2000-Lift-Assembly-Exploded-Diagram.pdf","","exploded_view","Found in parts diagram"
"772505","2015","Series 2000 Lift Assembly Exploded Diagram","https://sumner.com/wp-content/uploads/sites/14/2025/11/Series-2000-Lift-Assembly-Exploded-Diagram.pdf","","exploded_view","Found in parts diagram"
"772505","2020","Series 2000 Lift Assembly Exploded Diagram","https://sumner.com/wp-content/uploads/sites/14/2025/11/Series-2000-Lift-Assembly-Exploded-Diagram.pdf","","exploded_view","Found in parts diagram"
"772505","2025","Series 2000 Lift Assembly Exploded Diagram","https://sumner.com/wp-content/uploads/sites/14/2025/11/Series-2000-Lift-Assembly-Exploded-Diagram.pdf","","exploded_view","Found in parts diagram"
"771350","2010","Series 2000 Lift Assembly Exploded Diagram","https://sumner.com/wp-content/uploads/sites/14/2025/11/Series-2000-Lift-Assembly-Exploded-Diagram.pdf","","exploded_view","Found in parts diagram"
"771350","2015","Series 2000 Lift Assembly Exploded Diagram","https://sumner.com/wp-content/uploads/sites/14/2025/11/Series-2000-Lift-Assembly-Exploded-Diagram.pdf","","exploded_view","Found in parts diagram"
"771350","2020","Series 2000 Lift Assembly Exploded Diagram","https://sumner.com/wp-content/uploads/sites/14/2025/11/Series-2000-Lift-Assembly-Exploded-Diagram.pdf","","exploded_view","Found in parts diagram"
"771350","2025","Series 2000 Lift Assembly Exploded Diagram","https://sumner.com/wp-content/uploads/sites/14/2025/11/Series-2000-Lift-Assembly-Exploded-Diagram.pdf","","exploded_view","Found in parts diagram"
"783540","2010","Series 2000 Lift Assembly Exploded Diagram","https://sumner.com/wp-content/uploads/sites/14/2025/11/Series-2000-Lift-Assembly-Exploded-Diagram.pdf","","exploded_view","Found in parts diagram"
"783540","2015","Series 2000 Lift Assembly Exploded Diagram","https://sumner.com/wp-content/uploads/sites/14/2025/11/Series-2000-Lift-Assembly-Exploded-Diagram.pdf","","exploded_view","Found in parts diagram"
"783540","2020","Series 2000 Lift Assembly Exploded Diagram","https://sumner.com/wp-content/uploads/sites/14/2025/11/Series-2000-Lift-Assembly-Exploded-Diagram.pdf","","exploded_view","Found in parts diagram"
"783540","2025","Series 2000 Lift Assembly Exploded Diagram","https://sumner.com/wp-content/uploads/sites/14/2025/11/Series-2000-Lift-Assembly-Exploded-Diagram.pdf","","exploded_view","Found in parts diagram"
"772357","2010","Series 2000 Lift Assembly Exploded Diagram","https://sumner.com/wp-content/uploads/sites/14/2025/11/Series-2000-Lift-Assembly-Exploded-Diagram.pdf","","exploded_view","Found in parts diagram"
"772357","2015","Series 2000 Lift Assembly Exploded Diagram","https://sumner.com/wp-content/uploads/sites/14/2025/11/Series-2000-Lift-Assembly-Exploded-Diagram.pdf","","exploded_view","Found in parts diagram"
"772357","2020","Series 2000 Lift Assembly Exploded Diagram","https://sumner.com/wp-content/uploads/sites/14/2025/11/Series-2000-Lift-Assembly-Exploded-Diagram.pdf","","exploded_view","Found in parts diagram"
"772357","2025","Series 2000 Lift Assembly Exploded Diagram","https://sumner.com/wp-content/uploads/sites/14/2025/11/Series-2000-Lift-Assembly-Exploded-Diagram.pdf","","exploded_view","Found in parts diagram"
"772800","2010","Series 2000 Lift Assembly Exploded Diagram","https://sumner.com/wp-content/uploads/sites/14/2025/11/Series-2000-Lift-Assembly-Exploded-Diagram.pdf","","exploded_view","Found in parts diagram"
"772800","2015","Series 2000 Lift Assembly Exploded Diagram","https://sumner.com/wp-content/uploads/sites/14/2025/11/Series-2000-Lift-Assembly-Exploded-Diagram.pdf","","exploded_view","Found in parts diagram"
"772800","2020","Series 2000 Lift Assembly Exploded Diagram","https://sumner.com/wp-content/uploads/sites/14/2025/11/Series-2000-Lift-Assembly-Exploded-Diagram.pdf","","exploded_view","Found in parts diagram"
"772800","2025","Series 2000 Lift Assembly Exploded Diagram","https://sumner.com/wp-content/uploads/sites/14/2025/11/Series-2000-Lift-Assembly-Exploded-Diagram.pdf","","exploded_view","Found in parts diagram"
"783478","2010","Series 2000 Lift Assembly Exploded Diagram","https://sumner.com/wp-content/uploads/sites/14/2025/11/Series-2000-Lift-Assembly-Exploded-Diagram.pdf","","exploded_view","Found in parts diagram"
"783478","2015","Series 2000 Lift Assembly Exploded Diagram","https://sumner.com/wp-content/uploads/sites/14/2025/11/Series-2000-Lift-Assembly-Exploded-Diagram.pdf","","exploded_view","Found in parts diagram"
"783478","2020","Series 2000 Lift Assembly Exploded Diagram","https://sumner.com/wp-content/uploads/sites/14/2025/11/Series-2000-Lift-Assembly-Exploded-Diagram.pdf","","exploded_view","Found in parts diagram"
"783478","2025","Series 2000 Lift Assembly Exploded Diagram","https://sumner.com/wp-content/uploads/sites/14/2025/11/Series-2000-Lift-Assembly-Exploded-Diagram.pdf","","exploded_view","Found in parts diagram"
"772350","2010","Series 2000 Lift Assembly Exploded Diagram","https://sumner.com/wp-content/uploads/sites/14/2025/11/Series-2000-Lift-Assembly-Exploded-Diagram.pdf","","exploded_view","Found in parts diagram"
"772350","2015","Series 2000 Lift Assembly Exploded Diagram","https://sumner.com/wp-content/uploads/sites/14/2025/11/Series-2000-Lift-Assembly-Exploded-Diagram.pdf","","exploded_view","Found in parts diagram"
"772350","2020","Series 2000 Lift Assembly Exploded Diagram","https://sumner.com/wp-content/uploads/sites/14/2025/11/Series-2000-Lift-Assembly-Exploded-Diagram.pdf","","exploded_view","Found in parts diagram"
"772350","2025","Series 2000 Lift Assembly Exploded Diagram","https://sumner.com/wp-content/uploads/sites/14/2025/11/Series-2000-Lift-Assembly-Exploded-Diagram.pdf","","exploded_view","Found in parts diagram"
"783649","2010","Series 2000 Lift Assembly Exploded Diagram","https://sumner.com/wp-content/uploads/sites/14/2025/11/Series-2000-Lift-Assembly-Exploded-Diagram.pdf","","exploded_view","Found in parts diagram"
"783649","2015","Series 2000 Lift Assembly Exploded Diagram","https://sumner.com/wp-content/uploads/sites/14/2025/11/Series-2000-Lift-Assembly-Exploded-Diagram.pdf","","exploded_view","Found in parts diagram"
"783649","2020","Series 2000 Lift Assembly Exploded Diagram","https://sumner.com/wp-content/uploads/sites/14/2025/11/Series-2000-Lift-Assembly-Exploded-Diagram.pdf","","exploded_view","Found in parts diagram"
"783649","2025","Series 2000 Lift Assembly Exploded Diagram","https://sumner.com/wp-content/uploads/sites/14/2025/11/Series-2000-Lift-Assembly-Exploded-Diagram.pdf","","exploded_view","Found in parts diagram"
"771258","2010","Series 2000 Lift Assembly Exploded Diagram","https://sumner.com/wp-content/uploads/sites/14/2025/11/Series-2000-Lift-Assembly-Exploded-Diagram.pdf","","exploded_view","Found in parts diagram"
"771258","2015","Series 2000 Lift Assembly Exploded Diagram","https://sumner.com/wp-content/uploads/sites/14/2025/11/Series-2000-Lift-Assembly-Exploded-Diagram.pdf","","exploded_view","Found in parts diagram"
"771258","2020","Series 2000 Lift Assembly Exploded Diagram","https://sumner.com/wp-content/uploads/sites/14/2025/11/Series-2000-Lift-Assembly-Exploded-Diagram.pdf","","exploded_view","Found in parts diagram"
"771258","2025","Series 2000 Lift Assembly Exploded Diagram","https://sumner.com/wp-content/uploads/sites/14/2025/11/Series-2000-Lift-Assembly-Exploded-Diagram.pdf","","exploded_view","Found in parts diagram"
"773060","2010","Series 2000 Lift Assembly Exploded Diagram","https://sumner.com/wp-content/uploads/sites/14/2025/11/Series-2000-Lift-Assembly-Exploded-Diagram.pdf","","exploded_view","Found in parts diagram"
"773060","2015","Series 2000 Lift Assembly Exploded Diagram","https://sumner.com/wp-content/uploads/sites/14/2025/11/Series-2000-Lift-Assembly-Exploded-Diagram.pdf","","exploded_view","Found in parts diagram"
"773060","2020","Series 2000 Lift Assembly Exploded Diagram","https://sumner.com/wp-content/uploads/sites/14/2025/11/Series-2000-Lift-Assembly-Exploded-Diagram.pdf","","exploded_view","Found in parts diagram"
"773060","2025","Series 2000 Lift Assembly Exploded Diagram","https://sumner.com/wp-content/uploads/sites/14/2025/11/Series-2000-Lift-Assembly-Exploded-Diagram.pdf","","exploded_view","Found in parts diagram"
"773022","2010","Series 2000 Lift Assembly Exploded Diagram","https://sumner.com/wp-content/uploads/sites/14/2025/11/Series-2000-Lift-Assembly-Exploded-Diagram.pdf","","exploded_view","Found in parts diagram"
"773022","2015","Series 2000 Lift Assembly Exploded Diagram","https://sumner.com/wp-content/uploads/sites/14/2025/11/Series-2000-Lift-Assembly-Exploded-Diagram.pdf","","exploded_view","Found in parts diagram"
"773022","2020","Series 2000 Lift Assembly Exploded Diagram","https://sumner.com/wp-content/uploads/sites/14/2025/11/Series-2000-Lift-Assembly-Exploded-Diagram.pdf","","exploded_view","Found in parts diagram"
"773022","2025","Series 2000 Lift Assembly Exploded Diagram","https://sumner.com/wp-content/uploads/sites/14/2025/11/Series-2000-Lift-Assembly-Exploded-Diagram.pdf","","exploded_view","Found in parts diagram"
"783694","2010","Series 2000 Lift Assembly Exploded Diagram","https://sumner.com/wp-content/uploads/sites/14/2025/11/Series-2000-Lift-Assembly-Exploded-Diagram.pdf","","exploded_view","Found in parts diagram"
"783694","2015","Series 2000 Lift Assembly Exploded Diagram","https://sumner.com/wp-content/uploads/sites/14/2025/11/Series-2000-Lift-Assembly-Exploded-Diagram.pdf","","exploded_view","Found in parts diagram"
"783694","2020","Series 2000 Lift Assembly Exploded Diagram","https://sumner.com/wp-content/uploads/sites/14/2025/11/Series-2000-Lift-Assembly-Exploded-Diagram.pdf","","exploded_view","Found in parts diagram"
"783694","2025","Series 2000 Lift Assembly Exploded Diagram","https://sumner.com/wp-content/uploads/sites/14/2025/11/Series-2000-Lift-Assembly-Exploded-Diagram.pdf","","exploded_view","Found in parts diagram"
"783484","2010","Series 2000 Lift Assembly Exploded Diagram","https://sumner.com/wp-content/uploads/sites/14/2025/11/Series-2000-Lift-Assembly-Exploded-Diagram.pdf","","exploded_view","Found in parts diagram"
"783484","2015","Series 2000 Lift Assembly Exploded Diagram","https://sumner.com/wp-content/uploads/sites/14/2025/11/Series-2000-Lift-Assembly-Exploded-Diagram.pdf","","exploded_view","Found in parts diagram"
"783484","2020","Series 2000 Lift Assembly Exploded Diagram","https://sumner.com/wp-content/uploads/sites/14/2025/11/Series-2000-Lift-Assembly-Exploded-Diagram.pdf","","exploded_view","Found in parts diagram"
"783484","2025","Series 2000 Lift Assembly Exploded Diagram","https://sumner.com/wp-content/uploads/sites/14/2025/11/Series-2000-Lift-Assembly-Exploded-Diagram.pdf","","exploded_view","Found in parts diagram"
"779070","2010","Series 2000 Lift Assembly Exploded Diagram","https://sumner.com/wp-content/uploads/sites/14/2025/11/Series-2000-Lift-Assembly-Exploded-Diagram.pdf","","exploded_view","Found in parts diagram"
"779070","2015","Series 2000 Lift Assembly Exploded Diagram","https://sumner.com/wp-content/uploads/sites/14/2025/11/Series-2000-Lift-Assembly-Exploded-Diagram.pdf","","exploded_view","Found in parts diagram"
"779070","2020","Series 2000 Lift Assembly Exploded Diagram","https://sumner.com/wp-content/uploads/sites/14/2025/11/Series-2000-Lift-Assembly-Exploded-Diagram.pdf","","exploded_view","Found in parts diagram"
"779070","2025","Series 2000 Lift Assembly Exploded Diagram","https://sumner.com/wp-content/uploads/sites/14/2025/11/Series-2000-Lift-Assembly-Exploded-Diagram.pdf","","exploded_view","Found in parts diagram"
"783534","2010","Series 2000 Lift Assembly Exploded Diagram","https://sumner.com/wp-content/uploads/sites/14/2025/11/Series-2000-Lift-Assembly-Exploded-Diagram.pdf","","exploded_view","Found in parts diagram"
"783534","2015","Series 2000 Lift Assembly Exploded Diagram","https://sumner.com/wp-content/uploads/sites/14/2025/11/Series-2000-Lift-Assembly-Exploded-Diagram.pdf","","exploded_view","Found in parts diagram"
"783534","2020","Series 2000 Lift Assembly Exploded Diagram","https://sumner.com/wp-content/uploads/sites/14/2025/11/Series-2000-Lift-Assembly-Exploded-Diagram.pdf","","exploded_view","Found in parts diagram"
"783534","2025","Series 2000 Lift Assembly Exploded Diagram","https://sumner.com/wp-content/uploads/sites/14/2025/11/Series-2000-Lift-Assembly-Exploded-Diagram.pdf","","exploded_view","Found in parts diagram"
"773098","2010","Series 2000 Lift Assembly Exploded Diagram","https://sumner.com/wp-content/uploads/sites/14/2025/11/Series-2000-Lift-Assembly-Exploded-Diagram.pdf","","exploded_view","Found in parts diagram"
"773098","2015","Series 2000 Lift Assembly Exploded Diagram","https://sumner.com/wp-content/uploads/sites/14/2025/11/Series-2000-Lift-Assembly-Exploded-Diagram.pdf","","exploded_view","Found in parts diagram"
"773098","2020","Series 2000 Lift Assembly Exploded Diagram","https://sumner.com/wp-content/uploads/sites/14/2025/11/Series-2000-Lift-Assembly-Exploded-Diagram.pdf","","exploded_view","Found in parts diagram"
"773098","2025","Series 2000 Lift Assembly Exploded Diagram","https://sumner.com/wp-content/uploads/sites/14/2025/11/Series-2000-Lift-Assembly-Exploded-Diagram.pdf","","exploded_view","Found in parts diagram"
"776212","2010","Series 2000 Lift Assembly Exploded Diagram","https://sumner.com/wp-content/uploads/sites/14/2025/11/Series-2000-Lift-Assembly-Exploded-Diagram.pdf","","exploded_view","Found in parts diagram"
"776212","2015","Series 2000 Lift Assembly Exploded Diagram","https://sumner.com/wp-content/uploads/sites/14/2025/11/Series-2000-Lift-Assembly-Exploded-Diagram.pdf","","exploded_view","Found in parts diagram"
"776212","2020","Series 2000 Lift Assembly Exploded Diagram","https://sumner.com/wp-content/uploads/sites/14/2025/11/Series-2000-Lift-Assembly-Exploded-Diagram.pdf","","exploded_view","Found in parts diagram"
"776212","2025","Series 2000 Lift Assembly Exploded Diagram","https://sumner.com/wp-content/uploads/sites/14/2025/11/Series-2000-Lift-Assembly-Exploded-Diagram.pdf","","exploded_view","Found in parts diagram"
"782510","2010","Series 2000 Lift Assembly Exploded Diagram","https://sumner.com/wp-content/uploads/sites/14/2025/11/Series-2000-Lift-Assembly-Exploded-Diagram.pdf","","exploded_view","Found in parts diagram"
"782510","2015","Series 2000 Lift Assembly Exploded Diagram","https://sumner.com/wp-content/uploads/sites/14/2025/11/Series-2000-Lift-Assembly-Exploded-Diagram.pdf","","exploded_view","Found in parts diagram"
"782510","2020","Series 2000 Lift Assembly Exploded Diagram","https://sumner.com/wp-content/uploads/sites/14/2025/11/Series-2000-Lift-Assembly-Exploded-Diagram.pdf","","exploded_view","Found in parts diagram"
"782510","2025","Series 2000 Lift Assembly Exploded Diagram","https://sumner.com/wp-content/uploads/sites/14/2025/11/Series-2000-Lift-Assembly-Exploded-Diagram.pdf","","exploded_view","Found in parts diagram"
"775110","2010","Series 2000 Lift Assembly Exploded Diagram","https://sumner.com/wp-content/uploads/sites/14/2025/11/Series-2000-Lift-Assembly-Exploded-Diagram.pdf","","exploded_view","Found in parts diagram"
"775110","2015","Series 2000 Lift Assembly Exploded Diagram","https://sumner.com/wp-content/uploads/sites/14/2025/11/Series-2000-Lift-Assembly-Exploded-Diagram.pdf","","exploded_view","Found in parts diagram"
"775110","2020","Series 2000 Lift Assembly Exploded Diagram","https://sumner.com/wp-content/uploads/sites/14/2025/11/Series-2000-Lift-Assembly-Exploded-Diagram.pdf","","exploded_view","Found in parts diagram"
"775110","2025","Series 2000 Lift Assembly Exploded Diagram","https://sumner.com/wp-content/uploads/sites/14/2025/11/Series-2000-Lift-Assembly-Exploded-Diagram.pdf","","exploded_view","Found in parts diagram"
"772502","2010","Series 2000 Lift Assembly Exploded Diagram","https://sumner.com/wp-content/uploads/sites/14/2025/11/Series-2000-Lift-Assembly-Exploded-Diagram.pdf","","exploded_view","Found in parts diagram"
"772502","2015","Series 2000 Lift Assembly Exploded Diagram","https://sumner.com/wp-content/uploads/sites/14/2025/11/Series-2000-Lift-Assembly-Exploded-Diagram.pdf","","exploded_view","Found in parts diagram"
"772502","2020","Series 2000 Lift Assembly Exploded Diagram","https://sumner.com/wp-content/uploads/sites/14/2025/11/Series-2000-Lift-Assembly-Exploded-Diagram.pdf","","exploded_view","Found in parts diagram"
"772502","2025","Series 2000 Lift Assembly Exploded Diagram","https://sumner.com/wp-content/uploads/sites/14/2025/11/Series-2000-Lift-Assembly-Exploded-Diagram.pdf","","exploded_view","Found in parts diagram"
"783642","2010","Series 2000 Lift Assembly Exploded Diagram","https://sumner.com/wp-content/uploads/sites/14/2025/11/Series-2000-Lift-Assembly-Exploded-Diagram.pdf","","exploded_view","Found in parts diagram"
"783642","2015","Series 2000 Lift Assembly Exploded Diagram","https://sumner.com/wp-content/uploads/sites/14/2025/11/Series-2000-Lift-Assembly-Exploded-Diagram.pdf","","exploded_view","Found in parts diagram"
"783642","2020","Series 2000 Lift Assembly Exploded Diagram","https://sumner.com/wp-content/uploads/sites/14/2025/11/Series-2000-Lift-Assembly-Exploded-Diagram.pdf","","exploded_view","Found in parts diagram"
"783642","2025","Series 2000 Lift Assembly Exploded Diagram","https://sumner.com/wp-content/uploads/sites/14/2025/11/Series-2000-Lift-Assembly-Exploded-Diagram.pdf","","exploded_view","Found in parts diagram"
"783705","2010","Series 2000 Lift Assembly Exploded Diagram","https://sumner.com/wp-content/uploads/sites/14/2025/11/Series-2000-Lift-Assembly-Exploded-Diagram.pdf","","exploded_view","Found in parts diagram"
"783705","2015","Series 2000 Lift Assembly Exploded Diagram","https://sumner.com/wp-content/uploads/sites/14/2025/11/Series-2000-Lift-Assembly-Exploded-Diagram.pdf","","exploded_view","Found in parts diagram"
"783705","2020","Series 2000 Lift Assembly Exploded Diagram","https://sumner.com/wp-content/uploads/sites/14/2025/11/Series-2000-Lift-Assembly-Exploded-Diagram.pdf","","exploded_view","Found in parts diagram"
"783705","2025","Series 2000 Lift Assembly Exploded Diagram","https://sumner.com/wp-content/uploads/sites/14/2025/11/Series-2000-Lift-Assembly-Exploded-Diagram.pdf","","exploded_view","Found in parts diagram"
"771090","2010","Series 2000 Lift Assembly Exploded Diagram","https://sumner.com/wp-content/uploads/sites/14/2025/11/Series-2000-Lift-Assembly-Exploded-Diagram.pdf","","exploded_view","Found in parts diagram"
"771090","2015","Series 2000 Lift Assembly Exploded Diagram","https://sumner.com/wp-content/uploads/sites/14/2025/11/Series-2000-Lift-Assembly-Exploded-Diagram.pdf","","exploded_view","Found in parts diagram"
"771090","2020","Series 2000 Lift Assembly Exploded Diagram","https://sumner.com/wp-content/uploads/sites/14/2025/11/Series-2000-Lift-Assembly-Exploded-Diagram.pdf","","exploded_view","Found in parts diagram"
"771090","2025","Series 2000 Lift Assembly Exploded Diagram","https://sumner.com/wp-content/uploads/sites/14/2025/11/Series-2000-Lift-Assembly-Exploded-Diagram.pdf","","exploded_view","Found in parts diagram"
"778347","2010","Series 2000 Lift Assembly Exploded Diagram","https://sumner.com/wp-content/uploads/sites/14/2025/11/Series-2000-Lift-Assembly-Exploded-Diagram.pdf","","exploded_view","Found in parts diagram"
"778347","2015","Series 2000 Lift Assembly Exploded Diagram","https://sumner.com/wp-content/uploads/sites/14/2025/11/Series-2000-Lift-Assembly-Exploded-Diagram.pdf","","exploded_view","Found in parts diagram"
"778347","2020","Series 2000 Lift Assembly Exploded Diagram","https://sumner.com/wp-content/uploads/sites/14/2025/11/Series-2000-Lift-Assembly-Exploded-Diagram.pdf","","exploded_view","Found in parts diagram"
"778347","2025","Series 2000 Lift Assembly Exploded Diagram","https://sumner.com/wp-content/uploads/sites/14/2025/11/Series-2000-Lift-Assembly-Exploded-Diagram.pdf","","exploded_view","Found in parts diagram"
"778339","2010","Series 2000 Lift Assembly Exploded Diagram","https://sumner.com/wp-content/uploads/sites/14/2025/11/Series-2000-Lift-Assembly-Exploded-Diagram.pdf","","exploded_view","Found in parts diagram"
"778339","2015","Series 2000 Lift Assembly Exploded Diagram","https://sumner.com/wp-content/uploads/sites/14/2025/11/Series-2000-Lift-Assembly-Exploded-Diagram.pdf","","exploded_view","Found in parts diagram"
"778339","2020","Series 2000 Lift Assembly Exploded Diagram","https://sumner.com/wp-content/uploads/sites/14/2025/11/Series-2000-Lift-Assembly-Exploded-Diagram.pdf","","exploded_view","Found in parts diagram"
"778339","2025","Series 2000 Lift Assembly Exploded Diagram","https://sumner.com/wp-content/uploads/sites/14/2025/11/Series-2000-Lift-Assembly-Exploded-Diagram.pdf","","exploded_view","Found in parts diagram"
"778906","2010","Series 2000 Lift Assembly Exploded Diagram","https://sumner.com/wp-content/uploads/sites/14/2025/11/Series-2000-Lift-Assembly-Exploded-Diagram.pdf","","exploded_view","Found in parts diagram"
"778906","2015","Series 2000 Lift Assembly Exploded Diagram","https://sumner.com/wp-content/uploads/sites/14/2025/11/Series-2000-Lift-Assembly-Exploded-Diagram.pdf","","exploded_view","Found in parts diagram"
"778906","2020","Series 2000 Lift Assembly Exploded Diagram","https://sumner.com/wp-content/uploads/sites/14/2025/11/Series-2000-Lift-Assembly-Exploded-Diagram.pdf","","exploded_view","Found in parts diagram"
"778906","2025","Series 2000 Lift Assembly Exploded Diagram","https://sumner.com/wp-content/uploads/sites/14/2025/11/Series-2000-Lift-Assembly-Exploded-Diagram.pdf","","exploded_view","Found in parts diagram"
"778850","2010","Series 2000 Lift Assembly Exploded Diagram","https://sumner.com/wp-content/uploads/sites/14/2025/11/Series-2000-Lift-Assembly-Exploded-Diagram.pdf","","exploded_view","Found in parts diagram"
"778850","2015","Series 2000 Lift Assembly Exploded Diagram","https://sumner.com/wp-content/uploads/sites/14/2025/11/Series-2000-Lift-Assembly-Exploded-Diagram.pdf","","exploded_view","Found in parts diagram"
"778850","2020","Series 2000 Lift Assembly Exploded Diagram","https://sumner.com/wp-content/uploads/sites/14/2025/11/Series-2000-Lift-Assembly-Exploded-Diagram.pdf","","exploded_view","Found in parts diagram"
"778850","2025","Series 2000 Lift Assembly Exploded Diagram","https://sumner.com/wp-content/uploads/sites/14/2025/11/Series-2000-Lift-Assembly-Exploded-Diagram.pdf","","exploded_view","Found in parts diagram"
"778342","2010","Series 2000 Lift Assembly Exploded Diagram","https://sumner.com/wp-content/uploads/sites/14/2025/11/Series-2000-Lift-Assembly-Exploded-Diagram.pdf","","exploded_view","Found in parts diagram"
"778342","2015","Series 2000 Lift Assembly Exploded Diagram","https://sumner.com/wp-content/uploads/sites/14/2025/11/Series-2000-Lift-Assembly-Exploded-Diagram.pdf","","exploded_view","Found in parts diagram"
"778342","2020","Series 2000 Lift Assembly Exploded Diagram","https://sumner.com/wp-content/uploads/sites/14/2025/11/Series-2000-Lift-Assembly-Exploded-Diagram.pdf","","exploded_view","Found in parts diagram"
"778342","2025","Series 2000 Lift Assembly Exploded Diagram","https://sumner.com/wp-content/uploads/sites/14/2025/11/Series-2000-Lift-Assembly-Exploded-Diagram.pdf","","exploded_view","Found in parts diagram"
"778350","2010","Series 2000 Lift Assembly Exploded Diagram","https://sumner.com/wp-content/uploads/sites/14/2025/11/Series-2000-Lift-Assembly-Exploded-Diagram.pdf","","exploded_view","Found in parts diagram"
"778350","2015","Series 2000 Lift Assembly Exploded Diagram","https://sumner.com/wp-content/uploads/sites/14/2025/11/Series-2000-Lift-Assembly-Exploded-Diagram.pdf","","exploded_view","Found in parts diagram"
"778350","2020","Series 2000 Lift Assembly Exploded Diagram","https://sumner.com/wp-content/uploads/sites/14/2025/11/Series-2000-Lift-Assembly-Exploded-Diagram.pdf","","exploded_view","Found in parts diagram"
"778350","2025","Series 2000 Lift Assembly Exploded Diagram","https://sumner.com/wp-content/uploads/sites/14/2025/11/Series-2000-Lift-Assembly-Exploded-Diagram.pdf","","exploded_view","Found in parts diagram"
"778346","2010","Series 2000 Lift Assembly Exploded Diagram","https://sumner.com/wp-content/uploads/sites/14/2025/11/Series-2000-Lift-Assembly-Exploded-Diagram.pdf","","exploded_view","Found in parts diagram"
"778346","2015","Series 2000 Lift Assembly Exploded Diagram","https://sumner.com/wp-content/uploads/sites/14/2025/11/Series-2000-Lift-Assembly-Exploded-Diagram.pdf","","exploded_view","Found in parts diagram"
"778346","2020","Series 2000 Lift Assembly Exploded Diagram","https://sumner.com/wp-content/uploads/sites/14/2025/11/Series-2000-Lift-Assembly-Exploded-Diagram.pdf","","exploded_view","Found in parts diagram"
"778346","2025","Series 2000 Lift Assembly Exploded Diagram","https://sumner.com/wp-content/uploads/sites/14/2025/11/Series-2000-Lift-Assembly-Exploded-Diagram.pdf","","exploded_view","Found in parts diagram"
"778461","2010","Series 2000 Lift Assembly Exploded Diagram","https://sumner.com/wp-content/uploads/sites/14/2025/11/Series-2000-Lift-Assembly-Exploded-Diagram.pdf","","exploded_view","Found in parts diagram"
"778461","2015","Series 2000 Lift Assembly Exploded Diagram","https://sumner.com/wp-content/uploads/sites/14/2025/11/Series-2000-Lift-Assembly-Exploded-Diagram.pdf","","exploded_view","Found in parts diagram"
"778461","2020","Series 2000 Lift Assembly Exploded Diagram","https://sumner.com/wp-content/uploads/sites/14/2025/11/Series-2000-Lift-Assembly-Exploded-Diagram.pdf","","exploded_view","Found in parts diagram"
"778461","2025","Series 2000 Lift Assembly Exploded Diagram","https://sumner.com/wp-content/uploads/sites/14/2025/11/Series-2000-Lift-Assembly-Exploded-Diagram.pdf","","exploded_view","Found in parts diagram"
"778348","2010","Series 2000 Lift Assembly Exploded Diagram","https://sumner.com/wp-content/uploads/sites/14/2025/11/Series-2000-Lift-Assembly-Exploded-Diagram.pdf","","exploded_view","Found in parts diagram"
"778348","2015","Series 2000 Lift Assembly Exploded Diagram","https://sumner.com/wp-content/uploads/sites/14/2025/11/Series-2000-Lift-Assembly-Exploded-Diagram.pdf","","exploded_view","Found in parts diagram"
"778348","2020","Series 2000 Lift Assembly Exploded Diagram","https://sumner.com/wp-content/uploads/sites/14/2025/11/Series-2000-Lift-Assembly-Exploded-Diagram.pdf","","exploded_view","Found in parts diagram"
"778348","2025","Series 2000 Lift Assembly Exploded Diagram","https://sumner.com/wp-content/uploads/sites/14/2025/11/Series-2000-Lift-Assembly-Exploded-Diagram.pdf","","exploded_view","Found in parts diagram"
"778920","2010","Series 2000 Lift Assembly Exploded Diagram","https://sumner.com/wp-content/uploads/sites/14/2025/11/Series-2000-Lift-Assembly-Exploded-Diagram.pdf","","exploded_view","Found in parts diagram"
"778920","2015","Series 2000 Lift Assembly Exploded Diagram","https://sumner.com/wp-content/uploads/sites/14/2025/11/Series-2000-Lift-Assembly-Exploded-Diagram.pdf","","exploded_view","Found in parts diagram"
"778920","2020","Series 2000 Lift Assembly Exploded Diagram","https://sumner.com/wp-content/uploads/sites/14/2025/11/Series-2000-Lift-Assembly-Exploded-Diagram.pdf","","exploded_view","Found in parts diagram"
"778920","2025","Series 2000 Lift Assembly Exploded Diagram","https://sumner.com/wp-content/uploads/sites/14/2025/11/Series-2000-Lift-Assembly-Exploded-Diagram.pdf","","exploded_view","Found in parts diagram"
"778365","2010","Series 2000 Lift Assembly Exploded Diagram","https://sumner.com/wp-content/uploads/sites/14/2025/11/Series-2000-Lift-Assembly-Exploded-Diagram.pdf","","exploded_view","Found in parts diagram"
"778365","2015","Series 2000 Lift Assembly Exploded Diagram","https://sumner.com/wp-content/uploads/sites/14/2025/11/Series-2000-Lift-Assembly-Exploded-Diagram.pdf","","exploded_view","Found in parts diagram"
"778365","2020","Series 2000 Lift Assembly Exploded Diagram","https://sumner.com/wp-content/uploads/sites/14/2025/11/Series-2000-Lift-Assembly-Exploded-Diagram.pdf","","exploded_view","Found in parts diagram"
"778365","2025","Series 2000 Lift Assembly Exploded Diagram","https://sumner.com/wp-content/uploads/sites/14/2025/11/Series-2000-Lift-Assembly-Exploded-Diagram.pdf","","exploded_view","Found in parts diagram"
"778366","2010","Series 2000 Lift Assembly Exploded Diagram","https://sumner.com/wp-content/uploads/sites/14/2025/11/Series-2000-Lift-Assembly-Exploded-Diagram.pdf","","exploded_view","Found in parts diagram"
"778366","2015","Series 2000 Lift Assembly Exploded Diagram","https://sumner.com/wp-content/uploads/sites/14/2025/11/Series-2000-Lift-Assembly-Exploded-Diagram.pdf","","exploded_view","Found in parts diagram"
"778366","2020","Series 2000 Lift Assembly Exploded Diagram","https://sumner.com/wp-content/uploads/sites/14/2025/11/Series-2000-Lift-Assembly-Exploded-Diagram.pdf","","exploded_view","Found in parts diagram"
"778366","2025","Series 2000 Lift Assembly Exploded Diagram","https://sumner.com/wp-content/uploads/sites/14/2025/11/Series-2000-Lift-Assembly-Exploded-Diagram.pdf","","exploded_view","Found in parts diagram"
"778367","2010","Series 2000 Lift Assembly Exploded Diagram","https://sumner.com/wp-content/uploads/sites/14/2025/11/Series-2000-Lift-Assembly-Exploded-Diagram.pdf","","exploded_view","Found in parts diagram"
"778367","2015","Series 2000 Lift Assembly Exploded Diagram","https://sumner.com/wp-content/uploads/sites/14/2025/11/Series-2000-Lift-Assembly-Exploded-Diagram.pdf","","exploded_view","Found in parts diagram"
"778367","2020","Series 2000 Lift Assembly Exploded Diagram","https://sumner.com/wp-content/uploads/sites/14/2025/11/Series-2000-Lift-Assembly-Exploded-Diagram.pdf","","exploded_view","Found in parts diagram"
"778367","2025","Series 2000 Lift Assembly Exploded Diagram","https://sumner.com/wp-content/uploads/sites/14/2025/11/Series-2000-Lift-Assembly-Exploded-Diagram.pdf","","exploded_view","Found in parts diagram"
"778368","2010","Series 2000 Lift Assembly Exploded Diagram","https://sumner.com/wp-content/uploads/sites/14/2025/11/Series-2000-Lift-Assembly-Exploded-Diagram.pdf","","exploded_view","Found in parts diagram"
"778368","2015","Series 2000 Lift Assembly Exploded Diagram","https://sumner.com/wp-content/uploads/sites/14/2025/11/Series-2000-Lift-Assembly-Exploded-Diagram.pdf","","exploded_view","Found in parts diagram"
"778368","2020","Series 2000 Lift Assembly Exploded Diagram","https://sumner.com/wp-content/uploads/sites/14/2025/11/Series-2000-Lift-Assembly-Exploded-Diagram.pdf","","exploded_view","Found in parts diagram"
"778368","2025","Series 2000 Lift Assembly Exploded Diagram","https://sumner.com/wp-content/uploads/sites/14/2025/11/Series-2000-Lift-Assembly-Exploded-Diagram.pdf","","exploded_view","Found in parts diagram"
"784097","2012S","Series 2000 Short Stack Lift Assembly Exploded Diagram","https://sumner.com/wp-content/uploads/sites/14/2025/07/Series-2000-Short-Stack-Lift-Assembly-Exploded-Diagram.pdf","","exploded_view","Found in parts diagram"
"783489","2012S","Series 2000 Short Stack Lift Assembly Exploded Diagram","https://sumner.com/wp-content/uploads/sites/14/2025/07/Series-2000-Short-Stack-Lift-Assembly-Exploded-Diagram.pdf","","exploded_view","Found in parts diagram"
"784099","2012S","Series 2000 Short Stack Lift Assembly Exploded Diagram","https://sumner.com/wp-content/uploads/sites/14/2025/07/Series-2000-Short-Stack-Lift-Assembly-Exploded-Diagram.pdf","","exploded_view","Found in parts diagram"
"783536","2012S","Series 2000 Short Stack Lift Assembly Exploded Diagram","https://sumner.com/wp-content/uploads/sites/14/2025/07/Series-2000-Short-Stack-Lift-Assembly-Exploded-Diagram.pdf","","exploded_view","Found in parts diagram"
"783921","2012S","Series 2000 Short Stack Lift Assembly Exploded Diagram","https://sumner.com/wp-content/uploads/sites/14/2025/07/Series-2000-Short-Stack-Lift-Assembly-Exploded-Diagram.pdf","","exploded_view","Found in parts diagram"
"772505","2012S","Series 2000 Short Stack Lift Assembly Exploded Diagram","https://sumner.com/wp-content/uploads/sites/14/2025/07/Series-2000-Short-Stack-Lift-Assembly-Exploded-Diagram.pdf","","exploded_view","Found in parts diagram"
"771350","2012S","Series 2000 Short Stack Lift Assembly Exploded Diagram","https://sumner.com/wp-content/uploads/sites/14/2025/07/Series-2000-Short-Stack-Lift-Assembly-Exploded-Diagram.pdf","","exploded_view","Found in parts diagram"
"783540","2012S","Series 2000 Short Stack Lift Assembly Exploded Diagram","https://sumner.com/wp-content/uploads/sites/14/2025/07/Series-2000-Short-Stack-Lift-Assembly-Exploded-Diagram.pdf","","exploded_view","Found in parts diagram"
"783575","2012S","Series 2000 Short Stack Lift Assembly Exploded Diagram","https://sumner.com/wp-content/uploads/sites/14/2025/07/Series-2000-Short-Stack-Lift-Assembly-Exploded-Diagram.pdf","","exploded_view","Found in parts diagram"
"771257","2012S","Series 2000 Short Stack Lift Assembly Exploded Diagram","https://sumner.com/wp-content/uploads/sites/14/2025/07/Series-2000-Short-Stack-Lift-Assembly-Exploded-Diagram.pdf","","exploded_view","Found in parts diagram"
"772357","2012S","Series 2000 Short Stack Lift Assembly Exploded Diagram","https://sumner.com/wp-content/uploads/sites/14/2025/07/Series-2000-Short-Stack-Lift-Assembly-Exploded-Diagram.pdf","","exploded_view","Found in parts diagram"
"772800","2012S","Series 2000 Short Stack Lift Assembly Exploded Diagram","https://sumner.com/wp-content/uploads/sites/14/2025/07/Series-2000-Short-Stack-Lift-Assembly-Exploded-Diagram.pdf","","exploded_view","Found in parts diagram"
"783478","2012S","Series 2000 Short Stack Lift Assembly Exploded Diagram","https://sumner.com/wp-content/uploads/sites/14/2025/07/Series-2000-Short-Stack-Lift-Assembly-Exploded-Diagram.pdf","","exploded_view","Found in parts diagram"
"772350","2012S","Series 2000 Short Stack Lift Assembly Exploded Diagram","https://sumner.com/wp-content/uploads/sites/14/2025/07/Series-2000-Short-Stack-Lift-Assembly-Exploded-Diagram.pdf","","exploded_view","Found in parts diagram"
"783649","2012S","Series 2000 Short Stack Lift Assembly Exploded Diagram","https://sumner.com/wp-content/uploads/sites/14/2025/07/Series-2000-Short-Stack-Lift-Assembly-Exploded-Diagram.pdf","","exploded_view","Found in parts diagram"
"771258","2012S","Series 2000 Short Stack Lift Assembly Exploded Diagram","https://sumner.com/wp-content/uploads/sites/14/2025/07/Series-2000-Short-Stack-Lift-Assembly-Exploded-Diagram.pdf","","exploded_view","Found in parts diagram"
"771107","2012S","Series 2000 Short Stack Lift Assembly Exploded Diagram","https://sumner.com/wp-content/uploads/sites/14/2025/07/Series-2000-Short-Stack-Lift-Assembly-Exploded-Diagram.pdf","","exploded_view","Found in parts diagram"
"773060","2012S","Series 2000 Short Stack Lift Assembly Exploded Diagram","https://sumner.com/wp-content/uploads/sites/14/2025/07/Series-2000-Short-Stack-Lift-Assembly-Exploded-Diagram.pdf","","exploded_view","Found in parts diagram"
"773022","2012S","Series 2000 Short Stack Lift Assembly Exploded Diagram","https://sumner.com/wp-content/uploads/sites/14/2025/07/Series-2000-Short-Stack-Lift-Assembly-Exploded-Diagram.pdf","","exploded_view","Found in parts diagram"
"783694","2012S","Series 2000 Short Stack Lift Assembly Exploded Diagram","https://sumner.com/wp-content/uploads/sites/14/2025/07/Series-2000-Short-Stack-Lift-Assembly-Exploded-Diagram.pdf","","exploded_view","Found in parts diagram"
"783484","2012S","Series 2000 Short Stack Lift Assembly Exploded Diagram","https://sumner.com/wp-content/uploads/sites/14/2025/07/Series-2000-Short-Stack-Lift-Assembly-Exploded-Diagram.pdf","","exploded_view","Found in parts diagram"
"771339","2012S","Series 2000 Short Stack Lift Assembly Exploded Diagram","https://sumner.com/wp-content/uploads/sites/14/2025/07/Series-2000-Short-Stack-Lift-Assembly-Exploded-Diagram.pdf","","exploded_view","Found in parts diagram"
"779070","2012S","Series 2000 Short Stack Lift Assembly Exploded Diagram","https://sumner.com/wp-content/uploads/sites/14/2025/07/Series-2000-Short-Stack-Lift-Assembly-Exploded-Diagram.pdf","","exploded_view","Found in parts diagram"
"783533","2012S","Series 2000 Short Stack Lift Assembly Exploded Diagram","https://sumner.com/wp-content/uploads/sites/14/2025/07/Series-2000-Short-Stack-Lift-Assembly-Exploded-Diagram.pdf","","exploded_view","Found in parts diagram"
"783534","2012S","Series 2000 Short Stack Lift Assembly Exploded Diagram","https://sumner.com/wp-content/uploads/sites/14/2025/07/Series-2000-Short-Stack-Lift-Assembly-Exploded-Diagram.pdf","","exploded_view","Found in parts diagram"
"783881","2012S","Series 2000 Short Stack Lift Assembly Exploded Diagram","https://sumner.com/wp-content/uploads/sites/14/2025/07/Series-2000-Short-Stack-Lift-Assembly-Exploded-Diagram.pdf","","exploded_view","Found in parts diagram"
"783653","2012S","Series 2000 Short Stack Lift Assembly Exploded Diagram","https://sumner.com/wp-content/uploads/sites/14/2025/07/Series-2000-Short-Stack-Lift-Assembly-Exploded-Diagram.pdf","","exploded_view","Found in parts diagram"
"783691","2012S","Series 2000 Short Stack Lift Assembly Exploded Diagram","https://sumner.com/wp-content/uploads/sites/14/2025/07/Series-2000-Short-Stack-Lift-Assembly-Exploded-Diagram.pdf","","exploded_view","Found in parts diagram"
"783750","2012S","Series 2000 Short Stack Lift Assembly Exploded Diagram","https://sumner.com/wp-content/uploads/sites/14/2025/07/Series-2000-Short-Stack-Lift-Assembly-Exploded-Diagram.pdf","","exploded_view","Found in parts diagram"
"783730","2012S","Series 2000 Short Stack Lift Assembly Exploded Diagram","https://sumner.com/wp-content/uploads/sites/14/2025/07/Series-2000-Short-Stack-Lift-Assembly-Exploded-Diagram.pdf","","exploded_view","Found in parts diagram"
"783935","2012S","Series 2000 Short Stack Lift Assembly Exploded Diagram","https://sumner.com/wp-content/uploads/sites/14/2025/07/Series-2000-Short-Stack-Lift-Assembly-Exploded-Diagram.pdf","","exploded_view","Found in parts diagram"
"783736","2012S","Series 2000 Short Stack Lift Assembly Exploded Diagram","https://sumner.com/wp-content/uploads/sites/14/2025/07/Series-2000-Short-Stack-Lift-Assembly-Exploded-Diagram.pdf","","exploded_view","Found in parts diagram"
"783746","2012S","Series 2000 Short Stack Lift Assembly Exploded Diagram","https://sumner.com/wp-content/uploads/sites/14/2025/07/Series-2000-Short-Stack-Lift-Assembly-Exploded-Diagram.pdf","","exploded_view","Found in parts diagram"
"784490","2012S","Series 2000 Short Stack Lift Assembly Exploded Diagram","https://sumner.com/wp-content/uploads/sites/14/2025/07/Series-2000-Short-Stack-Lift-Assembly-Exploded-Diagram.pdf","","exploded_view","Found in parts diagram"
"783040","2012S","Series 2000 Short Stack Lift Assembly Exploded Diagram","https://sumner.com/wp-content/uploads/sites/14/2025/07/Series-2000-Short-Stack-Lift-Assembly-Exploded-Diagram.pdf","","exploded_view","Found in parts diagram"
"783940","2012S","Series 2000 Short Stack Lift Assembly Exploded Diagram","https://sumner.com/wp-content/uploads/sites/14/2025/07/Series-2000-Short-Stack-Lift-Assembly-Exploded-Diagram.pdf","","exploded_view","Found in parts diagram"
"783945","2012S","Series 2000 Short Stack Lift Assembly Exploded Diagram","https://sumner.com/wp-content/uploads/sites/14/2025/07/Series-2000-Short-Stack-Lift-Assembly-Exploded-Diagram.pdf","","exploded_view","Found in parts diagram"
"783582","2012S","Series 2000 Short Stack Lift Assembly Exploded Diagram","https://sumner.com/wp-content/uploads/sites/14/2025/07/Series-2000-Short-Stack-Lift-Assembly-Exploded-Diagram.pdf","","exploded_view","Found in parts diagram"
"779070","2112","Series 2100 Lift Assembly Exploded Diagram","https://sumner.com/wp-content/uploads/sites/14/2025/07/Series-2100-Lift-Assembly-Exploded-Diagram.pdf","","exploded_view","Found in parts diagram"
"779070","2118","Series 2100 Lift Assembly Exploded Diagram","https://sumner.com/wp-content/uploads/sites/14/2025/07/Series-2100-Lift-Assembly-Exploded-Diagram.pdf","","exploded_view","Found in parts diagram"
"779070","2124","Series 2100 Lift Assembly Exploded Diagram","https://sumner.com/wp-content/uploads/sites/14/2025/07/Series-2100-Lift-Assembly-Exploded-Diagram.pdf","","exploded_view","Found in parts diagram"
"779070","2112G","Series 2100 Lift Assembly Exploded Diagram","https://sumner.com/wp-content/uploads/sites/14/2025/07/Series-2100-Lift-Assembly-Exploded-Diagram.pdf","","exploded_view","Found in parts diagram"
"779070","2118G","Series 2100 Lift Assembly Exploded Diagram","https://sumner.com/wp-content/uploads/sites/14/2025/07/Series-2100-Lift-Assembly-Exploded-Diagram.pdf","","exploded_view","Found in parts diagram"
"779070","2124G","Series 2100 Lift Assembly Exploded Diagram","https://sumner.com/wp-content/uploads/sites/14/2025/07/Series-2100-Lift-Assembly-Exploded-Diagram.pdf","","exploded_view","Found in parts diagram"
"783921","2112","Series 2100 Lift Assembly Exploded Diagram","https://sumner.com/wp-content/uploads/sites/14/2025/07/Series-2100-Lift-Assembly-Exploded-Diagram.pdf","","exploded_view","Found in parts diagram"
"783921","2118","Series 2100 Lift Assembly Exploded Diagram","https://sumner.com/wp-content/uploads/sites/14/2025/07/Series-2100-Lift-Assembly-Exploded-Diagram.pdf","","exploded_view","Found in parts diagram"
"783921","2124","Series 2100 Lift Assembly Exploded Diagram","https://sumner.com/wp-content/uploads/sites/14/2025/07/Series-2100-Lift-Assembly-Exploded-Diagram.pdf","","exploded_view","Found in parts diagram"
"783921","2112G","Series 2100 Lift Assembly Exploded Diagram","https://sumner.com/wp-content/uploads/sites/14/2025/07/Series-2100-Lift-Assembly-Exploded-Diagram.pdf","","exploded_view","Found in parts diagram"
"783921","2118G","Series 2100 Lift Assembly Exploded Diagram","https://sumner.com/wp-content/uploads/sites/14/2025/07/Series-2100-Lift-Assembly-Exploded-Diagram.pdf","","exploded_view","Found in parts diagram"
"783921","2124G","Series 2100 Lift Assembly Exploded Diagram","https://sumner.com/wp-content/uploads/sites/14/2025/07/Series-2100-Lift-Assembly-Exploded-Diagram.pdf","","exploded_view","Found in parts diagram"
"783536","2112","Series 2100 Lift Assembly Exploded Diagram","https://sumner.com/wp-content/uploads/sites/14/2025/07/Series-2100-Lift-Assembly-Exploded-Diagram.pdf","","exploded_view","Found in parts diagram"
"783536","2118","Series 2100 Lift Assembly Exploded Diagram","https://sumner.com/wp-content/uploads/sites/14/2025/07/Series-2100-Lift-Assembly-Exploded-Diagram.pdf","","exploded_view","Found in parts diagram"
"783536","2124","Series 2100 Lift Assembly Exploded Diagram","https://sumner.com/wp-content/uploads/sites/14/2025/07/Series-2100-Lift-Assembly-Exploded-Diagram.pdf","","exploded_view","Found in parts diagram"
"783536","2112G","Series 2100 Lift Assembly Exploded Diagram","https://sumner.com/wp-content/uploads/sites/14/2025/07/Series-2100-Lift-Assembly-Exploded-Diagram.pdf","","exploded_view","Found in parts diagram"
"783536","2118G","Series 2100 Lift Assembly Exploded Diagram","https://sumner.com/wp-content/uploads/sites/14/2025/07/Series-2100-Lift-Assembly-Exploded-Diagram.pdf","","exploded_view","Found in parts diagram"
"783536","2124G","Series 2100 Lift Assembly Exploded Diagram","https://sumner.com/wp-content/uploads/sites/14/2025/07/Series-2100-Lift-Assembly-Exploded-Diagram.pdf","","exploded_view","Found in parts diagram"
"772505","2112","Series 2100 Lift Assembly Exploded Diagram","https://sumner.com/wp-content/uploads/sites/14/2025/07/Series-2100-Lift-Assembly-Exploded-Diagram.pdf","","exploded_view","Found in parts diagram"
"772505","2118","Series 2100 Lift Assembly Exploded Diagram","https://sumner.com/wp-content/uploads/sites/14/2025/07/Series-2100-Lift-Assembly-Exploded-Diagram.pdf","","exploded_view","Found in parts diagram"
"772505","2124","Series 2100 Lift Assembly Exploded Diagram","https://sumner.com/wp-content/uploads/sites/14/2025/07/Series-2100-Lift-Assembly-Exploded-Diagram.pdf","","exploded_view","Found in parts diagram"
"772505","2112G","Series 2100 Lift Assembly Exploded Diagram","https://sumner.com/wp-content/uploads/sites/14/2025/07/Series-2100-Lift-Assembly-Exploded-Diagram.pdf","","exploded_view","Found in parts diagram"
"772505","2118G","Series 2100 Lift Assembly Exploded Diagram","https://sumner.com/wp-content/uploads/sites/14/2025/07/Series-2100-Lift-Assembly-Exploded-Diagram.pdf","","exploded_view","Found in parts diagram"
"772505","2124G","Series 2100 Lift Assembly Exploded Diagram","https://sumner.com/wp-content/uploads/sites/14/2025/07/Series-2100-Lift-Assembly-Exploded-Diagram.pdf","","exploded_view","Found in parts diagram"
"783489","2112","Series 2100 Lift Assembly Exploded Diagram","https://sumner.com/wp-content/uploads/sites/14/2025/07/Series-2100-Lift-Assembly-Exploded-Diagram.pdf","","exploded_view","Found in parts diagram"
"783489","2118","Series 2100 Lift Assembly Exploded Diagram","https://sumner.com/wp-content/uploads/sites/14/2025/07/Series-2100-Lift-Assembly-Exploded-Diagram.pdf","","exploded_view","Found in parts diagram"
"783489","2124","Series 2100 Lift Assembly Exploded Diagram","https://sumner.com/wp-content/uploads/sites/14/2025/07/Series-2100-Lift-Assembly-Exploded-Diagram.pdf","","exploded_view","Found in parts diagram"
"783489","2112G","Series 2100 Lift Assembly Exploded Diagram","https://sumner.com/wp-content/uploads/sites/14/2025/07/Series-2100-Lift-Assembly-Exploded-Diagram.pdf","","exploded_view","Found in parts diagram"
"783489","2118G","Series 2100 Lift Assembly Exploded Diagram","https://sumner.com/wp-content/uploads/sites/14/2025/07/Series-2100-Lift-Assembly-Exploded-Diagram.pdf","","exploded_view","Found in parts diagram"
"783489","2124G","Series 2100 Lift Assembly Exploded Diagram","https://sumner.com/wp-content/uploads/sites/14/2025/07/Series-2100-Lift-Assembly-Exploded-Diagram.pdf","","exploded_view","Found in parts diagram"
"783484","2112","Series 2100 Lift Assembly Exploded Diagram","https://sumner.com/wp-content/uploads/sites/14/2025/07/Series-2100-Lift-Assembly-Exploded-Diagram.pdf","","exploded_view","Found in parts diagram"
"783484","2118","Series 2100 Lift Assembly Exploded Diagram","https://sumner.com/wp-content/uploads/sites/14/2025/07/Series-2100-Lift-Assembly-Exploded-Diagram.pdf","","exploded_view","Found in parts diagram"
"783484","2124","Series 2100 Lift Assembly Exploded Diagram","https://sumner.com/wp-content/uploads/sites/14/2025/07/Series-2100-Lift-Assembly-Exploded-Diagram.pdf","","exploded_view","Found in parts diagram"
"783484","2112G","Series 2100 Lift Assembly Exploded Diagram","https://sumner.com/wp-content/uploads/sites/14/2025/07/Series-2100-Lift-Assembly-Exploded-Diagram.pdf","","exploded_view","Found in parts diagram"
"783484","2118G","Series 2100 Lift Assembly Exploded Diagram","https://sumner.com/wp-content/uploads/sites/14/2025/07/Series-2100-Lift-Assembly-Exploded-Diagram.pdf","","exploded_view","Found in parts diagram"
"783484","2124G","Series 2100 Lift Assembly Exploded Diagram","https://sumner.com/wp-content/uploads/sites/14/2025/07/Series-2100-Lift-Assembly-Exploded-Diagram.pdf","","exploded_view","Found in parts diagram"
"783682","2112","Series 2100 Lift Assembly Exploded Diagram","https://sumner.com/wp-content/uploads/sites/14/2025/07/Series-2100-Lift-Assembly-Exploded-Diagram.pdf","","exploded_view","Found in parts diagram"
"783682","2118","Series 2100 Lift Assembly Exploded Diagram","https://sumner.com/wp-content/uploads/sites/14/2025/07/Series-2100-Lift-Assembly-Exploded-Diagram.pdf","","exploded_view","Found in parts diagram"
"783682","2124","Series 2100 Lift Assembly Exploded Diagram","https://sumner.com/wp-content/uploads/sites/14/2025/07/Series-2100-Lift-Assembly-Exploded-Diagram.pdf","","exploded_view","Found in parts diagram"
"783682","2112G","Series 2100 Lift Assembly Exploded Diagram","https://sumner.com/wp-content/uploads/sites/14/2025/07/Series-2100-Lift-Assembly-Exploded-Diagram.pdf","","exploded_view","Found in parts diagram"
"783682","2118G","Series 2100 Lift Assembly Exploded Diagram","https://sumner.com/wp-content/uploads/sites/14/2025/07/Series-2100-Lift-Assembly-Exploded-Diagram.pdf","","exploded_view","Found in parts diagram"
"783682","2124G","Series 2100 Lift Assembly Exploded Diagram","https://sumner.com/wp-content/uploads/sites/14/2025/07/Series-2100-Lift-Assembly-Exploded-Diagram.pdf","","exploded_view","Found in parts diagram"
"783650","2112","Series 2100 Lift Assembly Exploded Diagram","https://sumner.com/wp-content/uploads/sites/14/2025/07/Series-2100-Lift-Assembly-Exploded-Diagram.pdf","","exploded_view","Found in parts diagram"
"783650","2118","Series 2100 Lift Assembly Exploded Diagram","https://sumner.com/wp-content/uploads/sites/14/2025/07/Series-2100-Lift-Assembly-Exploded-Diagram.pdf","","exploded_view","Found in parts diagram"
"783650","2124","Series 2100 Lift Assembly Exploded Diagram","https://sumner.com/wp-content/uploads/sites/14/2025/07/Series-2100-Lift-Assembly-Exploded-Diagram.pdf","","exploded_view","Found in parts diagram"
"783650","2112G","Series 2100 Lift Assembly Exploded Diagram","https://sumner.com/wp-content/uploads/sites/14/2025/07/Series-2100-Lift-Assembly-Exploded-Diagram.pdf","","exploded_view","Found in parts diagram"
"783650","2118G","Series 2100 Lift Assembly Exploded Diagram","https://sumner.com/wp-content/uploads/sites/14/2025/07/Series-2100-Lift-Assembly-Exploded-Diagram.pdf","","exploded_view","Found in parts diagram"
"783650","2124G","Series 2100 Lift Assembly Exploded Diagram","https://sumner.com/wp-content/uploads/sites/14/2025/07/Series-2100-Lift-Assembly-Exploded-Diagram.pdf","","exploded_view","Found in parts diagram"
"783651","2112","Series 2100 Lift Assembly Exploded Diagram","https://sumner.com/wp-content/uploads/sites/14/2025/07/Series-2100-Lift-Assembly-Exploded-Diagram.pdf","","exploded_view","Found in parts diagram"
"783651","2118","Series 2100 Lift Assembly Exploded Diagram","https://sumner.com/wp-content/uploads/sites/14/2025/07/Series-2100-Lift-Assembly-Exploded-Diagram.pdf","","exploded_view","Found in parts diagram"
"783651","2124","Series 2100 Lift Assembly Exploded Diagram","https://sumner.com/wp-content/uploads/sites/14/2025/07/Series-2100-Lift-Assembly-Exploded-Diagram.pdf","","exploded_view","Found in parts diagram"
"783651","2112G","Series 2100 Lift Assembly Exploded Diagram","https://sumner.com/wp-content/uploads/sites/14/2025/07/Series-2100-Lift-Assembly-Exploded-Diagram.pdf","","exploded_view","Found in parts diagram"
"783651","2118G","Series 2100 Lift Assembly Exploded Diagram","https://sumner.com/wp-content/uploads/sites/14/2025/07/Series-2100-Lift-Assembly-Exploded-Diagram.pdf","","exploded_view","Found in parts diagram"
"783651","2124G","Series 2100 Lift Assembly Exploded Diagram","https://sumner.com/wp-content/uploads/sites/14/2025/07/Series-2100-Lift-Assembly-Exploded-Diagram.pdf","","exploded_view","Found in parts diagram"
"783652","2112","Series 2100 Lift Assembly Exploded Diagram","https://sumner.com/wp-content/uploads/sites/14/2025/07/Series-2100-Lift-Assembly-Exploded-Diagram.pdf","","exploded_view","Found in parts diagram"
"783652","2118","Series 2100 Lift Assembly Exploded Diagram","https://sumner.com/wp-content/uploads/sites/14/2025/07/Series-2100-Lift-Assembly-Exploded-Diagram.pdf","","exploded_view","Found in parts diagram"
"783652","2124","Series 2100 Lift Assembly Exploded Diagram","https://sumner.com/wp-content/uploads/sites/14/2025/07/Series-2100-Lift-Assembly-Exploded-Diagram.pdf","","exploded_view","Found in parts diagram"
"783652","2112G","Series 2100 Lift Assembly Exploded Diagram","https://sumner.com/wp-content/uploads/sites/14/2025/07/Series-2100-Lift-Assembly-Exploded-Diagram.pdf","","exploded_view","Found in parts diagram"
"783652","2118G","Series 2100 Lift Assembly Exploded Diagram","https://sumner.com/wp-content/uploads/sites/14/2025/07/Series-2100-Lift-Assembly-Exploded-Diagram.pdf","","exploded_view","Found in parts diagram"
"783652","2124G","Series 2100 Lift Assembly Exploded Diagram","https://sumner.com/wp-content/uploads/sites/14/2025/07/Series-2100-Lift-Assembly-Exploded-Diagram.pdf","","exploded_view","Found in parts diagram"
"771350","2112","Series 2100 Lift Assembly Exploded Diagram","https://sumner.com/wp-content/uploads/sites/14/2025/07/Series-2100-Lift-Assembly-Exploded-Diagram.pdf","","exploded_view","Found in parts diagram"
"771350","2118","Series 2100 Lift Assembly Exploded Diagram","https://sumner.com/wp-content/uploads/sites/14/2025/07/Series-2100-Lift-Assembly-Exploded-Diagram.pdf","","exploded_view","Found in parts diagram"
"771350","2124","Series 2100 Lift Assembly Exploded Diagram","https://sumner.com/wp-content/uploads/sites/14/2025/07/Series-2100-Lift-Assembly-Exploded-Diagram.pdf","","exploded_view","Found in parts diagram"
"771350","2112G","Series 2100 Lift Assembly Exploded Diagram","https://sumner.com/wp-content/uploads/sites/14/2025/07/Series-2100-Lift-Assembly-Exploded-Diagram.pdf","","exploded_view","Found in parts diagram"
"771350","2118G","Series 2100 Lift Assembly Exploded Diagram","https://sumner.com/wp-content/uploads/sites/14/2025/07/Series-2100-Lift-Assembly-Exploded-Diagram.pdf","","exploded_view","Found in parts diagram"
"771350","2124G","Series 2100 Lift Assembly Exploded Diagram","https://sumner.com/wp-content/uploads/sites/14/2025/07/Series-2100-Lift-Assembly-Exploded-Diagram.pdf","","exploded_view","Found in parts diagram"
"783534","2112","Series 2100 Lift Assembly Exploded Diagram","https://sumner.com/wp-content/uploads/sites/14/2025/07/Series-2100-Lift-Assembly-Exploded-Diagram.pdf","","exploded_view","Found in parts diagram"
"783534","2118","Series 2100 Lift Assembly Exploded Diagram","https://sumner.com/wp-content/uploads/sites/14/2025/07/Series-2100-Lift-Assembly-Exploded-Diagram.pdf","","exploded_view","Found in parts diagram"
"783534","2124","Series 2100 Lift Assembly Exploded Diagram","https://sumner.com/wp-content/uploads/sites/14/2025/07/Series-2100-Lift-Assembly-Exploded-Diagram.pdf","","exploded_view","Found in parts diagram"
"783534","2112G","Series 2100 Lift Assembly Exploded Diagram","https://sumner.com/wp-content/uploads/sites/14/2025/07/Series-2100-Lift-Assembly-Exploded-Diagram.pdf","","exploded_view","Found in parts diagram"
"783534","2118G","Series 2100 Lift Assembly Exploded Diagram","https://sumner.com/wp-content/uploads/sites/14/2025/07/Series-2100-Lift-Assembly-Exploded-Diagram.pdf","","exploded_view","Found in parts diagram"
"783534","2124G","Series 2100 Lift Assembly Exploded Diagram","https://sumner.com/wp-content/uploads/sites/14/2025/07/Series-2100-Lift-Assembly-Exploded-Diagram.pdf","","exploded_view","Found in parts diagram"
"771257","2112","Series 2100 Lift Assembly Exploded Diagram","https://sumner.com/wp-content/uploads/sites/14/2025/07/Series-2100-Lift-Assembly-Exploded-Diagram.pdf","","exploded_view","Found in parts diagram"
"771257","2118","Series 2100 Lift Assembly Exploded Diagram","https://sumner.com/wp-content/uploads/sites/14/2025/07/Series-2100-Lift-Assembly-Exploded-Diagram.pdf","","exploded_view","Found in parts diagram"
"771257","2124","Series 2100 Lift Assembly Exploded Diagram","https://sumner.com/wp-content/uploads/sites/14/2025/07/Series-2100-Lift-Assembly-Exploded-Diagram.pdf","","exploded_view","Found in parts diagram"
"771257","2112G","Series 2100 Lift Assembly Exploded Diagram","https://sumner.com/wp-content/uploads/sites/14/2025/07/Series-2100-Lift-Assembly-Exploded-Diagram.pdf","","exploded_view","Found in parts diagram"
"771257","2118G","Series 2100 Lift Assembly Exploded Diagram","https://sumner.com/wp-content/uploads/sites/14/2025/07/Series-2100-Lift-Assembly-Exploded-Diagram.pdf","","exploded_view","Found in parts diagram"
"771257","2124G","Series 2100 Lift Assembly Exploded Diagram","https://sumner.com/wp-content/uploads/sites/14/2025/07/Series-2100-Lift-Assembly-Exploded-Diagram.pdf","","exploded_view","Found in parts diagram"
"772357","2112","Series 2100 Lift Assembly Exploded Diagram","https://sumner.com/wp-content/uploads/sites/14/2025/07/Series-2100-Lift-Assembly-Exploded-Diagram.pdf","","exploded_view","Found in parts diagram"
"772357","2118","Series 2100 Lift Assembly Exploded Diagram","https://sumner.com/wp-content/uploads/sites/14/2025/07/Series-2100-Lift-Assembly-Exploded-Diagram.pdf","","exploded_view","Found in parts diagram"
"772357","2124","Series 2100 Lift Assembly Exploded Diagram","https://sumner.com/wp-content/uploads/sites/14/2025/07/Series-2100-Lift-Assembly-Exploded-Diagram.pdf","","exploded_view","Found in parts diagram"
"772357","2112G","Series 2100 Lift Assembly Exploded Diagram","https://sumner.com/wp-content/uploads/sites/14/2025/07/Series-2100-Lift-Assembly-Exploded-Diagram.pdf","","exploded_view","Found in parts diagram"
"772357","2118G","Series 2100 Lift Assembly Exploded Diagram","https://sumner.com/wp-content/uploads/sites/14/2025/07/Series-2100-Lift-Assembly-Exploded-Diagram.pdf","","exploded_view","Found in parts diagram"
"772357","2124G","Series 2100 Lift Assembly Exploded Diagram","https://sumner.com/wp-content/uploads/sites/14/2025/07/Series-2100-Lift-Assembly-Exploded-Diagram.pdf","","exploded_view","Found in parts diagram"
"772350","2112","Series 2100 Lift Assembly Exploded Diagram","https://sumner.com/wp-content/uploads/sites/14/2025/07/Series-2100-Lift-Assembly-Exploded-Diagram.pdf","","exploded_view","Found in parts diagram"
"772350","2118","Series 2100 Lift Assembly Exploded Diagram","https://sumner.com/wp-content/uploads/sites/14/2025/07/Series-2100-Lift-Assembly-Exploded-Diagram.pdf","","exploded_view","Found in parts diagram"
"772350","2124","Series 2100 Lift Assembly Exploded Diagram","https://sumner.com/wp-content/uploads/sites/14/2025/07/Series-2100-Lift-Assembly-Exploded-Diagram.pdf","","exploded_view","Found in parts diagram"
"772350","2112G","Series 2100 Lift Assembly Exploded Diagram","https://sumner.com/wp-content/uploads/sites/14/2025/07/Series-2100-Lift-Assembly-Exploded-Diagram.pdf","","exploded_view","Found in parts diagram"
"772350","2118G","Series 2100 Lift Assembly Exploded Diagram","https://sumner.com/wp-content/uploads/sites/14/2025/07/Series-2100-Lift-Assembly-Exploded-Diagram.pdf","","exploded_view","Found in parts diagram"
"772350","2124G","Series 2100 Lift Assembly Exploded Diagram","https://sumner.com/wp-content/uploads/sites/14/2025/07/Series-2100-Lift-Assembly-Exploded-Diagram.pdf","","exploded_view","Found in parts diagram"
"783575","2112","Series 2100 Lift Assembly Exploded Diagram","https://sumner.com/wp-content/uploads/sites/14/2025/07/Series-2100-Lift-Assembly-Exploded-Diagram.pdf","","exploded_view","Found in parts diagram"
"783575","2118","Series 2100 Lift Assembly Exploded Diagram","https://sumner.com/wp-content/uploads/sites/14/2025/07/Series-2100-Lift-Assembly-Exploded-Diagram.pdf","","exploded_view","Found in parts diagram"
"783575","2124","Series 2100 Lift Assembly Exploded Diagram","https://sumner.com/wp-content/uploads/sites/14/2025/07/Series-2100-Lift-Assembly-Exploded-Diagram.pdf","","exploded_view","Found in parts diagram"
"783575","2112G","Series 2100 Lift Assembly Exploded Diagram","https://sumner.com/wp-content/uploads/sites/14/2025/07/Series-2100-Lift-Assembly-Exploded-Diagram.pdf","","exploded_view","Found in parts diagram"
"783575","2118G","Series 2100 Lift Assembly Exploded Diagram","https://sumner.com/wp-content/uploads/sites/14/2025/07/Series-2100-Lift-Assembly-Exploded-Diagram.pdf","","exploded_view","Found in parts diagram"
"783575","2124G","Series 2100 Lift Assembly Exploded Diagram","https://sumner.com/wp-content/uploads/sites/14/2025/07/Series-2100-Lift-Assembly-Exploded-Diagram.pdf","","exploded_view","Found in parts diagram"
"772800","2112","Series 2100 Lift Assembly Exploded Diagram","https://sumner.com/wp-content/uploads/sites/14/2025/07/Series-2100-Lift-Assembly-Exploded-Diagram.pdf","","exploded_view","Found in parts diagram"
"772800","2118","Series 2100 Lift Assembly Exploded Diagram","https://sumner.com/wp-content/uploads/sites/14/2025/07/Series-2100-Lift-Assembly-Exploded-Diagram.pdf","","exploded_view","Found in parts diagram"
"772800","2124","Series 2100 Lift Assembly Exploded Diagram","https://sumner.com/wp-content/uploads/sites/14/2025/07/Series-2100-Lift-Assembly-Exploded-Diagram.pdf","","exploded_view","Found in parts diagram"
"772800","2112G","Series 2100 Lift Assembly Exploded Diagram","https://sumner.com/wp-content/uploads/sites/14/2025/07/Series-2100-Lift-Assembly-Exploded-Diagram.pdf","","exploded_view","Found in parts diagram"
"772800","2118G","Series 2100 Lift Assembly Exploded Diagram","https://sumner.com/wp-content/uploads/sites/14/2025/07/Series-2100-Lift-Assembly-Exploded-Diagram.pdf","","exploded_view","Found in parts diagram"
"772800","2124G","Series 2100 Lift Assembly Exploded Diagram","https://sumner.com/wp-content/uploads/sites/14/2025/07/Series-2100-Lift-Assembly-Exploded-Diagram.pdf","","exploded_view","Found in parts diagram"
"783478","2112","Series 2100 Lift Assembly Exploded Diagram","https://sumner.com/wp-content/uploads/sites/14/2025/07/Series-2100-Lift-Assembly-Exploded-Diagram.pdf","","exploded_view","Found in parts diagram"
"783478","2118","Series 2100 Lift Assembly Exploded Diagram","https://sumner.com/wp-content/uploads/sites/14/2025/07/Series-2100-Lift-Assembly-Exploded-Diagram.pdf","","exploded_view","Found in parts diagram"
"783478","2124","Series 2100 Lift Assembly Exploded Diagram","https://sumner.com/wp-content/uploads/sites/14/2025/07/Series-2100-Lift-Assembly-Exploded-Diagram.pdf","","exploded_view","Found in parts diagram"
"783478","2112G","Series 2100 Lift Assembly Exploded Diagram","https://sumner.com/wp-content/uploads/sites/14/2025/07/Series-2100-Lift-Assembly-Exploded-Diagram.pdf","","exploded_view","Found in parts diagram"
"783478","2118G","Series 2100 Lift Assembly Exploded Diagram","https://sumner.com/wp-content/uploads/sites/14/2025/07/Series-2100-Lift-Assembly-Exploded-Diagram.pdf","","exploded_view","Found in parts diagram"
"783478","2124G","Series 2100 Lift Assembly Exploded Diagram","https://sumner.com/wp-content/uploads/sites/14/2025/07/Series-2100-Lift-Assembly-Exploded-Diagram.pdf","","exploded_view","Found in parts diagram"
"783540","2112","Series 2100 Lift Assembly Exploded Diagram","https://sumner.com/wp-content/uploads/sites/14/2025/07/Series-2100-Lift-Assembly-Exploded-Diagram.pdf","","exploded_view","Found in parts diagram"
"783540","2118","Series 2100 Lift Assembly Exploded Diagram","https://sumner.com/wp-content/uploads/sites/14/2025/07/Series-2100-Lift-Assembly-Exploded-Diagram.pdf","","exploded_view","Found in parts diagram"
"783540","2124","Series 2100 Lift Assembly Exploded Diagram","https://sumner.com/wp-content/uploads/sites/14/2025/07/Series-2100-Lift-Assembly-Exploded-Diagram.pdf","","exploded_view","Found in parts diagram"
"783540","2112G","Series 2100 Lift Assembly Exploded Diagram","https://sumner.com/wp-content/uploads/sites/14/2025/07/Series-2100-Lift-Assembly-Exploded-Diagram.pdf","","exploded_view","Found in parts diagram"
"783540","2118G","Series 2100 Lift Assembly Exploded Diagram","https://sumner.com/wp-content/uploads/sites/14/2025/07/Series-2100-Lift-Assembly-Exploded-Diagram.pdf","","exploded_view","Found in parts diagram"
"783540","2124G","Series 2100 Lift Assembly Exploded Diagram","https://sumner.com/wp-content/uploads/sites/14/2025/07/Series-2100-Lift-Assembly-Exploded-Diagram.pdf","","exploded_view","Found in parts diagram"
"783653","2112","Series 2100 Lift Assembly Exploded Diagram","https://sumner.com/wp-content/uploads/sites/14/2025/07/Series-2100-Lift-Assembly-Exploded-Diagram.pdf","","exploded_view","Found in parts diagram"
"783653","2118","Series 2100 Lift Assembly Exploded Diagram","https://sumner.com/wp-content/uploads/sites/14/2025/07/Series-2100-Lift-Assembly-Exploded-Diagram.pdf","","exploded_view","Found in parts diagram"
"783653","2124","Series 2100 Lift Assembly Exploded Diagram","https://sumner.com/wp-content/uploads/sites/14/2025/07/Series-2100-Lift-Assembly-Exploded-Diagram.pdf","","exploded_view","Found in parts diagram"
"783653","2112G","Series 2100 Lift Assembly Exploded Diagram","https://sumner.com/wp-content/uploads/sites/14/2025/07/Series-2100-Lift-Assembly-Exploded-Diagram.pdf","","exploded_view","Found in parts diagram"
"783653","2118G","Series 2100 Lift Assembly Exploded Diagram","https://sumner.com/wp-content/uploads/sites/14/2025/07/Series-2100-Lift-Assembly-Exploded-Diagram.pdf","","exploded_view","Found in parts diagram"
"783653","2124G","Series 2100 Lift Assembly Exploded Diagram","https://sumner.com/wp-content/uploads/sites/14/2025/07/Series-2100-Lift-Assembly-Exploded-Diagram.pdf","","exploded_view","Found in parts diagram"
"783691","2112","Series 2100 Lift Assembly Exploded Diagram","https://sumner.com/wp-content/uploads/sites/14/2025/07/Series-2100-Lift-Assembly-Exploded-Diagram.pdf","","exploded_view","Found in parts diagram"
"783691","2118","Series 2100 Lift Assembly Exploded Diagram","https://sumner.com/wp-content/uploads/sites/14/2025/07/Series-2100-Lift-Assembly-Exploded-Diagram.pdf","","exploded_view","Found in parts diagram"
"783691","2124","Series 2100 Lift Assembly Exploded Diagram","https://sumner.com/wp-content/uploads/sites/14/2025/07/Series-2100-Lift-Assembly-Exploded-Diagram.pdf","","exploded_view","Found in parts diagram"
"783691","2112G","Series 2100 Lift Assembly Exploded Diagram","https://sumner.com/wp-content/uploads/sites/14/2025/07/Series-2100-Lift-Assembly-Exploded-Diagram.pdf","","exploded_view","Found in parts diagram"
"783691","2118G","Series 2100 Lift Assembly Exploded Diagram","https://sumner.com/wp-content/uploads/sites/14/2025/07/Series-2100-Lift-Assembly-Exploded-Diagram.pdf","","exploded_view","Found in parts diagram"
"783691","2124G","Series 2100 Lift Assembly Exploded Diagram","https://sumner.com/wp-content/uploads/sites/14/2025/07/Series-2100-Lift-Assembly-Exploded-Diagram.pdf","","exploded_view","Found in parts diagram"
"783750","2112","Series 2100 Lift Assembly Exploded Diagram","https://sumner.com/wp-content/uploads/sites/14/2025/07/Series-2100-Lift-Assembly-Exploded-Diagram.pdf","","exploded_view","Found in parts diagram"
"783750","2118","Series 2100 Lift Assembly Exploded Diagram","https://sumner.com/wp-content/uploads/sites/14/2025/07/Series-2100-Lift-Assembly-Exploded-Diagram.pdf","","exploded_view","Found in parts diagram"
"783750","2124","Series 2100 Lift Assembly Exploded Diagram","https://sumner.com/wp-content/uploads/sites/14/2025/07/Series-2100-Lift-Assembly-Exploded-Diagram.pdf","","exploded_view","Found in parts diagram"
"783750","2112G","Series 2100 Lift Assembly Exploded Diagram","https://sumner.com/wp-content/uploads/sites/14/2025/07/Series-2100-Lift-Assembly-Exploded-Diagram.pdf","","exploded_view","Found in parts diagram"
"783750","2118G","Series 2100 Lift Assembly Exploded Diagram","https://sumner.com/wp-content/uploads/sites/14/2025/07/Series-2100-Lift-Assembly-Exploded-Diagram.pdf","","exploded_view","Found in parts diagram"
"783750","2124G","Series 2100 Lift Assembly Exploded Diagram","https://sumner.com/wp-content/uploads/sites/14/2025/07/Series-2100-Lift-Assembly-Exploded-Diagram.pdf","","exploded_view","Found in parts diagram"
"783749","2112","Series 2100 Lift Assembly Exploded Diagram","https://sumner.com/wp-content/uploads/sites/14/2025/07/Series-2100-Lift-Assembly-Exploded-Diagram.pdf","","exploded_view","Found in parts diagram"
"783749","2118","Series 2100 Lift Assembly Exploded Diagram","https://sumner.com/wp-content/uploads/sites/14/2025/07/Series-2100-Lift-Assembly-Exploded-Diagram.pdf","","exploded_view","Found in parts diagram"
"783749","2124","Series 2100 Lift Assembly Exploded Diagram","https://sumner.com/wp-content/uploads/sites/14/2025/07/Series-2100-Lift-Assembly-Exploded-Diagram.pdf","","exploded_view","Found in parts diagram"
"783749","2112G","Series 2100 Lift Assembly Exploded Diagram","https://sumner.com/wp-content/uploads/sites/14/2025/07/Series-2100-Lift-Assembly-Exploded-Diagram.pdf","","exploded_view","Found in parts diagram"
"783749","2118G","Series 2100 Lift Assembly Exploded Diagram","https://sumner.com/wp-content/uploads/sites/14/2025/07/Series-2100-Lift-Assembly-Exploded-Diagram.pdf","","exploded_view","Found in parts diagram"
"783749","2124G","Series 2100 Lift Assembly Exploded Diagram","https://sumner.com/wp-content/uploads/sites/14/2025/07/Series-2100-Lift-Assembly-Exploded-Diagram.pdf","","exploded_view","Found in parts diagram"
"779005","2112","Series 2100 Lift Assembly Exploded Diagram","https://sumner.com/wp-content/uploads/sites/14/2025/07/Series-2100-Lift-Assembly-Exploded-Diagram.pdf","","exploded_view","Found in parts diagram"
"779005","2118","Series 2100 Lift Assembly Exploded Diagram","https://sumner.com/wp-content/uploads/sites/14/2025/07/Series-2100-Lift-Assembly-Exploded-Diagram.pdf","","exploded_view","Found in parts diagram"
"779005","2124","Series 2100 Lift Assembly Exploded Diagram","https://sumner.com/wp-content/uploads/sites/14/2025/07/Series-2100-Lift-Assembly-Exploded-Diagram.pdf","","exploded_view","Found in parts diagram"
"779005","2112G","Series 2100 Lift Assembly Exploded Diagram","https://sumner.com/wp-content/uploads/sites/14/2025/07/Series-2100-Lift-Assembly-Exploded-Diagram.pdf","","exploded_view","Found in parts diagram"
"779005","2118G","Series 2100 Lift Assembly Exploded Diagram","https://sumner.com/wp-content/uploads/sites/14/2025/07/Series-2100-Lift-Assembly-Exploded-Diagram.pdf","","exploded_view","Found in parts diagram"
"779005","2124G","Series 2100 Lift Assembly Exploded Diagram","https://sumner.com/wp-content/uploads/sites/14/2025/07/Series-2100-Lift-Assembly-Exploded-Diagram.pdf","","exploded_view","Found in parts diagram"
"773098","2112","Series 2100 Lift Assembly Exploded Diagram","https://sumner.com/wp-content/uploads/sites/14/2025/07/Series-2100-Lift-Assembly-Exploded-Diagram.pdf","","exploded_view","Found in parts diagram"
"773098","2118","Series 2100 Lift Assembly Exploded Diagram","https://sumner.com/wp-content/uploads/sites/14/2025/07/Series-2100-Lift-Assembly-Exploded-Diagram.pdf","","exploded_view","Found in parts diagram"
"773098","2124","Series 2100 Lift Assembly Exploded Diagram","https://sumner.com/wp-content/uploads/sites/14/2025/07/Series-2100-Lift-Assembly-Exploded-Diagram.pdf","","exploded_view","Found in parts diagram"
"773098","2112G","Series 2100 Lift Assembly Exploded Diagram","https://sumner.com/wp-content/uploads/sites/14/2025/07/Series-2100-Lift-Assembly-Exploded-Diagram.pdf","","exploded_view","Found in parts diagram"
"773098","2118G","Series 2100 Lift Assembly Exploded Diagram","https://sumner.com/wp-content/uploads/sites/14/2025/07/Series-2100-Lift-Assembly-Exploded-Diagram.pdf","","exploded_view","Found in parts diagram"
"773098","2124G","Series 2100 Lift Assembly Exploded Diagram","https://sumner.com/wp-content/uploads/sites/14/2025/07/Series-2100-Lift-Assembly-Exploded-Diagram.pdf","","exploded_view","Found in parts diagram"
"771269","2112","Series 2100 Lift Assembly Exploded Diagram","https://sumner.com/wp-content/uploads/sites/14/2025/07/Series-2100-Lift-Assembly-Exploded-Diagram.pdf","","exploded_view","Found in parts diagram"
"771269","2118","Series 2100 Lift Assembly Exploded Diagram","https://sumner.com/wp-content/uploads/sites/14/2025/07/Series-2100-Lift-Assembly-Exploded-Diagram.pdf","","exploded_view","Found in parts diagram"
"771269","2124","Series 2100 Lift Assembly Exploded Diagram","https://sumner.com/wp-content/uploads/sites/14/2025/07/Series-2100-Lift-Assembly-Exploded-Diagram.pdf","","exploded_view","Found in parts diagram"
"771269","2112G","Series 2100 Lift Assembly Exploded Diagram","https://sumner.com/wp-content/uploads/sites/14/2025/07/Series-2100-Lift-Assembly-Exploded-Diagram.pdf","","exploded_view","Found in parts diagram"
"771269","2118G","Series 2100 Lift Assembly Exploded Diagram","https://sumner.com/wp-content/uploads/sites/14/2025/07/Series-2100-Lift-Assembly-Exploded-Diagram.pdf","","exploded_view","Found in parts diagram"
"771269","2124G","Series 2100 Lift Assembly Exploded Diagram","https://sumner.com/wp-content/uploads/sites/14/2025/07/Series-2100-Lift-Assembly-Exploded-Diagram.pdf","","exploded_view","Found in parts diagram"
"779905","2112","Series 2100 Lift Assembly Exploded Diagram","https://sumner.com/wp-content/uploads/sites/14/2025/07/Series-2100-Lift-Assembly-Exploded-Diagram.pdf","","exploded_view","Found in parts diagram"
"779905","2118","Series 2100 Lift Assembly Exploded Diagram","https://sumner.com/wp-content/uploads/sites/14/2025/07/Series-2100-Lift-Assembly-Exploded-Diagram.pdf","","exploded_view","Found in parts diagram"
"779905","2124","Series 2100 Lift Assembly Exploded Diagram","https://sumner.com/wp-content/uploads/sites/14/2025/07/Series-2100-Lift-Assembly-Exploded-Diagram.pdf","","exploded_view","Found in parts diagram"
"779905","2112G","Series 2100 Lift Assembly Exploded Diagram","https://sumner.com/wp-content/uploads/sites/14/2025/07/Series-2100-Lift-Assembly-Exploded-Diagram.pdf","","exploded_view","Found in parts diagram"
"779905","2118G","Series 2100 Lift Assembly Exploded Diagram","https://sumner.com/wp-content/uploads/sites/14/2025/07/Series-2100-Lift-Assembly-Exploded-Diagram.pdf","","exploded_view","Found in parts diagram"
"779905","2124G","Series 2100 Lift Assembly Exploded Diagram","https://sumner.com/wp-content/uploads/sites/14/2025/07/Series-2100-Lift-Assembly-Exploded-Diagram.pdf","","exploded_view","Found in parts diagram"
"783700","2112","Series 2100 Lift Assembly Exploded Diagram","https://sumner.com/wp-content/uploads/sites/14/2025/07/Series-2100-Lift-Assembly-Exploded-Diagram.pdf","","exploded_view","Found in parts diagram"
"783700","2118","Series 2100 Lift Assembly Exploded Diagram","https://sumner.com/wp-content/uploads/sites/14/2025/07/Series-2100-Lift-Assembly-Exploded-Diagram.pdf","","exploded_view","Found in parts diagram"
"783700","2124","Series 2100 Lift Assembly Exploded Diagram","https://sumner.com/wp-content/uploads/sites/14/2025/07/Series-2100-Lift-Assembly-Exploded-Diagram.pdf","","exploded_view","Found in parts diagram"
"783700","2112G","Series 2100 Lift Assembly Exploded Diagram","https://sumner.com/wp-content/uploads/sites/14/2025/07/Series-2100-Lift-Assembly-Exploded-Diagram.pdf","","exploded_view","Found in parts diagram"
"783700","2118G","Series 2100 Lift Assembly Exploded Diagram","https://sumner.com/wp-content/uploads/sites/14/2025/07/Series-2100-Lift-Assembly-Exploded-Diagram.pdf","","exploded_view","Found in parts diagram"
"783700","2124G","Series 2100 Lift Assembly Exploded Diagram","https://sumner.com/wp-content/uploads/sites/14/2025/07/Series-2100-Lift-Assembly-Exploded-Diagram.pdf","","exploded_view","Found in parts diagram"
"783701","2112","Series 2100 Lift Assembly Exploded Diagram","https://sumner.com/wp-content/uploads/sites/14/2025/07/Series-2100-Lift-Assembly-Exploded-Diagram.pdf","","exploded_view","Found in parts diagram"
"783701","2118","Series 2100 Lift Assembly Exploded Diagram","https://sumner.com/wp-content/uploads/sites/14/2025/07/Series-2100-Lift-Assembly-Exploded-Diagram.pdf","","exploded_view","Found in parts diagram"
"783701","2124","Series 2100 Lift Assembly Exploded Diagram","https://sumner.com/wp-content/uploads/sites/14/2025/07/Series-2100-Lift-Assembly-Exploded-Diagram.pdf","","exploded_view","Found in parts diagram"
"783701","2112G","Series 2100 Lift Assembly Exploded Diagram","https://sumner.com/wp-content/uploads/sites/14/2025/07/Series-2100-Lift-Assembly-Exploded-Diagram.pdf","","exploded_view","Found in parts diagram"
"783701","2118G","Series 2100 Lift Assembly Exploded Diagram","https://sumner.com/wp-content/uploads/sites/14/2025/07/Series-2100-Lift-Assembly-Exploded-Diagram.pdf","","exploded_view","Found in parts diagram"
"783701","2124G","Series 2100 Lift Assembly Exploded Diagram","https://sumner.com/wp-content/uploads/sites/14/2025/07/Series-2100-Lift-Assembly-Exploded-Diagram.pdf","","exploded_view","Found in parts diagram"
"783702","2112","Series 2100 Lift Assembly Exploded Diagram","https://sumner.com/wp-content/uploads/sites/14/2025/07/Series-2100-Lift-Assembly-Exploded-Diagram.pdf","","exploded_view","Found in parts diagram"
"783702","2118","Series 2100 Lift Assembly Exploded Diagram","https://sumner.com/wp-content/uploads/sites/14/2025/07/Series-2100-Lift-Assembly-Exploded-Diagram.pdf","","exploded_view","Found in parts diagram"
"783702","2124","Series 2100 Lift Assembly Exploded Diagram","https://sumner.com/wp-content/uploads/sites/14/2025/07/Series-2100-Lift-Assembly-Exploded-Diagram.pdf","","exploded_view","Found in parts diagram"
"783702","2112G","Series 2100 Lift Assembly Exploded Diagram","https://sumner.com/wp-content/uploads/sites/14/2025/07/Series-2100-Lift-Assembly-Exploded-Diagram.pdf","","exploded_view","Found in parts diagram"
"783702","2118G","Series 2100 Lift Assembly Exploded Diagram","https://sumner.com/wp-content/uploads/sites/14/2025/07/Series-2100-Lift-Assembly-Exploded-Diagram.pdf","","exploded_view","Found in parts diagram"
"783702","2124G","Series 2100 Lift Assembly Exploded Diagram","https://sumner.com/wp-content/uploads/sites/14/2025/07/Series-2100-Lift-Assembly-Exploded-Diagram.pdf","","exploded_view","Found in parts diagram"
"783703","2112","Series 2100 Lift Assembly Exploded Diagram","https://sumner.com/wp-content/uploads/sites/14/2025/07/Series-2100-Lift-Assembly-Exploded-Diagram.pdf","","exploded_view","Found in parts diagram"
"783703","2118","Series 2100 Lift Assembly Exploded Diagram","https://sumner.com/wp-content/uploads/sites/14/2025/07/Series-2100-Lift-Assembly-Exploded-Diagram.pdf","","exploded_view","Found in parts diagram"
"783703","2124","Series 2100 Lift Assembly Exploded Diagram","https://sumner.com/wp-content/uploads/sites/14/2025/07/Series-2100-Lift-Assembly-Exploded-Diagram.pdf","","exploded_view","Found in parts diagram"
"783703","2112G","Series 2100 Lift Assembly Exploded Diagram","https://sumner.com/wp-content/uploads/sites/14/2025/07/Series-2100-Lift-Assembly-Exploded-Diagram.pdf","","exploded_view","Found in parts diagram"
"783703","2118G","Series 2100 Lift Assembly Exploded Diagram","https://sumner.com/wp-content/uploads/sites/14/2025/07/Series-2100-Lift-Assembly-Exploded-Diagram.pdf","","exploded_view","Found in parts diagram"
"783703","2124G","Series 2100 Lift Assembly Exploded Diagram","https://sumner.com/wp-content/uploads/sites/14/2025/07/Series-2100-Lift-Assembly-Exploded-Diagram.pdf","","exploded_view","Found in parts diagram"
"772502","2112","Series 2100 Lift Assembly Exploded Diagram","https://sumner.com/wp-content/uploads/sites/14/2025/07/Series-2100-Lift-Assembly-Exploded-Diagram.pdf","","exploded_view","Found in parts diagram"
"772502","2118","Series 2100 Lift Assembly Exploded Diagram","https://sumner.com/wp-content/uploads/sites/14/2025/07/Series-2100-Lift-Assembly-Exploded-Diagram.pdf","","exploded_view","Found in parts diagram"
"772502","2124","Series 2100 Lift Assembly Exploded Diagram","https://sumner.com/wp-content/uploads/sites/14/2025/07/Series-2100-Lift-Assembly-Exploded-Diagram.pdf","","exploded_view","Found in parts diagram"
"772502","2112G","Series 2100 Lift Assembly Exploded Diagram","https://sumner.com/wp-content/uploads/sites/14/2025/07/Series-2100-Lift-Assembly-Exploded-Diagram.pdf","","exploded_view","Found in parts diagram"
"772502","2118G","Series 2100 Lift Assembly Exploded Diagram","https://sumner.com/wp-content/uploads/sites/14/2025/07/Series-2100-Lift-Assembly-Exploded-Diagram.pdf","","exploded_view","Found in parts diagram"
"772502","2124G","Series 2100 Lift Assembly Exploded Diagram","https://sumner.com/wp-content/uploads/sites/14/2025/07/Series-2100-Lift-Assembly-Exploded-Diagram.pdf","","exploded_view","Found in parts diagram"
"783730","2112","Series 2100 Lift Assembly Exploded Diagram","https://sumner.com/wp-content/uploads/sites/14/2025/07/Series-2100-Lift-Assembly-Exploded-Diagram.pdf","","exploded_view","Found in parts diagram"
"783730","2118","Series 2100 Lift Assembly Exploded Diagram","https://sumner.com/wp-content/uploads/sites/14/2025/07/Series-2100-Lift-Assembly-Exploded-Diagram.pdf","","exploded_view","Found in parts diagram"
"783730","2124","Series 2100 Lift Assembly Exploded Diagram","https://sumner.com/wp-content/uploads/sites/14/2025/07/Series-2100-Lift-Assembly-Exploded-Diagram.pdf","","exploded_view","Found in parts diagram"
"783730","2112G","Series 2100 Lift Assembly Exploded Diagram","https://sumner.com/wp-content/uploads/sites/14/2025/07/Series-2100-Lift-Assembly-Exploded-Diagram.pdf","","exploded_view","Found in parts diagram"
"783730","2118G","Series 2100 Lift Assembly Exploded Diagram","https://sumner.com/wp-content/uploads/sites/14/2025/07/Series-2100-Lift-Assembly-Exploded-Diagram.pdf","","exploded_view","Found in parts diagram"
"783730","2124G","Series 2100 Lift Assembly Exploded Diagram","https://sumner.com/wp-content/uploads/sites/14/2025/07/Series-2100-Lift-Assembly-Exploded-Diagram.pdf","","exploded_view","Found in parts diagram"
"783739","2112","Series 2100 Lift Assembly Exploded Diagram","https://sumner.com/wp-content/uploads/sites/14/2025/07/Series-2100-Lift-Assembly-Exploded-Diagram.pdf","","exploded_view","Found in parts diagram"
"783739","2118","Series 2100 Lift Assembly Exploded Diagram","https://sumner.com/wp-content/uploads/sites/14/2025/07/Series-2100-Lift-Assembly-Exploded-Diagram.pdf","","exploded_view","Found in parts diagram"
"783739","2124","Series 2100 Lift Assembly Exploded Diagram","https://sumner.com/wp-content/uploads/sites/14/2025/07/Series-2100-Lift-Assembly-Exploded-Diagram.pdf","","exploded_view","Found in parts diagram"
"783739","2112G","Series 2100 Lift Assembly Exploded Diagram","https://sumner.com/wp-content/uploads/sites/14/2025/07/Series-2100-Lift-Assembly-Exploded-Diagram.pdf","","exploded_view","Found in parts diagram"
"783739","2118G","Series 2100 Lift Assembly Exploded Diagram","https://sumner.com/wp-content/uploads/sites/14/2025/07/Series-2100-Lift-Assembly-Exploded-Diagram.pdf","","exploded_view","Found in parts diagram"
"783739","2124G","Series 2100 Lift Assembly Exploded Diagram","https://sumner.com/wp-content/uploads/sites/14/2025/07/Series-2100-Lift-Assembly-Exploded-Diagram.pdf","","exploded_view","Found in parts diagram"
"783935","2112","Series 2100 Lift Assembly Exploded Diagram","https://sumner.com/wp-content/uploads/sites/14/2025/07/Series-2100-Lift-Assembly-Exploded-Diagram.pdf","","exploded_view","Found in parts diagram"
"783935","2118","Series 2100 Lift Assembly Exploded Diagram","https://sumner.com/wp-content/uploads/sites/14/2025/07/Series-2100-Lift-Assembly-Exploded-Diagram.pdf","","exploded_view","Found in parts diagram"
"783935","2124","Series 2100 Lift Assembly Exploded Diagram","https://sumner.com/wp-content/uploads/sites/14/2025/07/Series-2100-Lift-Assembly-Exploded-Diagram.pdf","","exploded_view","Found in parts diagram"
"783935","2112G","Series 2100 Lift Assembly Exploded Diagram","https://sumner.com/wp-content/uploads/sites/14/2025/07/Series-2100-Lift-Assembly-Exploded-Diagram.pdf","","exploded_view","Found in parts diagram"
"783935","2118G","Series 2100 Lift Assembly Exploded Diagram","https://sumner.com/wp-content/uploads/sites/14/2025/07/Series-2100-Lift-Assembly-Exploded-Diagram.pdf","","exploded_view","Found in parts diagram"
"783935","2124G","Series 2100 Lift Assembly Exploded Diagram","https://sumner.com/wp-content/uploads/sites/14/2025/07/Series-2100-Lift-Assembly-Exploded-Diagram.pdf","","exploded_view","Found in parts diagram"
"784490","2112","Series 2100 Lift Assembly Exploded Diagram","https://sumner.com/wp-content/uploads/sites/14/2025/07/Series-2100-Lift-Assembly-Exploded-Diagram.pdf","","exploded_view","Found in parts diagram"
"784490","2118","Series 2100 Lift Assembly Exploded Diagram","https://sumner.com/wp-content/uploads/sites/14/2025/07/Series-2100-Lift-Assembly-Exploded-Diagram.pdf","","exploded_view","Found in parts diagram"
"784490","2124","Series 2100 Lift Assembly Exploded Diagram","https://sumner.com/wp-content/uploads/sites/14/2025/07/Series-2100-Lift-Assembly-Exploded-Diagram.pdf","","exploded_view","Found in parts diagram"
"784490","2112G","Series 2100 Lift Assembly Exploded Diagram","https://sumner.com/wp-content/uploads/sites/14/2025/07/Series-2100-Lift-Assembly-Exploded-Diagram.pdf","","exploded_view","Found in parts diagram"
"784490","2118G","Series 2100 Lift Assembly Exploded Diagram","https://sumner.com/wp-content/uploads/sites/14/2025/07/Series-2100-Lift-Assembly-Exploded-Diagram.pdf","","exploded_view","Found in parts diagram"
"784490","2124G","Series 2100 Lift Assembly Exploded Diagram","https://sumner.com/wp-content/uploads/sites/14/2025/07/Series-2100-Lift-Assembly-Exploded-Diagram.pdf","","exploded_view","Found in parts diagram"
"783040","2112","Series 2100 Lift Assembly Exploded Diagram","https://sumner.com/wp-content/uploads/sites/14/2025/07/Series-2100-Lift-Assembly-Exploded-Diagram.pdf","","exploded_view","Found in parts diagram"
"783040","2118","Series 2100 Lift Assembly Exploded Diagram","https://sumner.com/wp-content/uploads/sites/14/2025/07/Series-2100-Lift-Assembly-Exploded-Diagram.pdf","","exploded_view","Found in parts diagram"
"783040","2124","Series 2100 Lift Assembly Exploded Diagram","https://sumner.com/wp-content/uploads/sites/14/2025/07/Series-2100-Lift-Assembly-Exploded-Diagram.pdf","","exploded_view","Found in parts diagram"
"783040","2112G","Series 2100 Lift Assembly Exploded Diagram","https://sumner.com/wp-content/uploads/sites/14/2025/07/Series-2100-Lift-Assembly-Exploded-Diagram.pdf","","exploded_view","Found in parts diagram"
"783040","2118G","Series 2100 Lift Assembly Exploded Diagram","https://sumner.com/wp-content/uploads/sites/14/2025/07/Series-2100-Lift-Assembly-Exploded-Diagram.pdf","","exploded_view","Found in parts diagram"
"783040","2124G","Series 2100 Lift Assembly Exploded Diagram","https://sumner.com/wp-content/uploads/sites/14/2025/07/Series-2100-Lift-Assembly-Exploded-Diagram.pdf","","exploded_view","Found in parts diagram"
"783582","2112","Series 2100 Lift Assembly Exploded Diagram","https://sumner.com/wp-content/uploads/sites/14/2025/07/Series-2100-Lift-Assembly-Exploded-Diagram.pdf","","exploded_view","Found in parts diagram"
"783582","2118","Series 2100 Lift Assembly Exploded Diagram","https://sumner.com/wp-content/uploads/sites/14/2025/07/Series-2100-Lift-Assembly-Exploded-Diagram.pdf","","exploded_view","Found in parts diagram"
"783582","2124","Series 2100 Lift Assembly Exploded Diagram","https://sumner.com/wp-content/uploads/sites/14/2025/07/Series-2100-Lift-Assembly-Exploded-Diagram.pdf","","exploded_view","Found in parts diagram"
"783582","2112G","Series 2100 Lift Assembly Exploded Diagram","https://sumner.com/wp-content/uploads/sites/14/2025/07/Series-2100-Lift-Assembly-Exploded-Diagram.pdf","","exploded_view","Found in parts diagram"
"783582","2118G","Series 2100 Lift Assembly Exploded Diagram","https://sumner.com/wp-content/uploads/sites/14/2025/07/Series-2100-Lift-Assembly-Exploded-Diagram.pdf","","exploded_view","Found in parts diagram"
"783582","2124G","Series 2100 Lift Assembly Exploded Diagram","https://sumner.com/wp-content/uploads/sites/14/2025/07/Series-2100-Lift-Assembly-Exploded-Diagram.pdf","","exploded_view","Found in parts diagram"
"783736","2112","Series 2100 Lift Assembly Exploded Diagram","https://sumner.com/wp-content/uploads/sites/14/2025/07/Series-2100-Lift-Assembly-Exploded-Diagram.pdf","","exploded_view","Found in parts diagram"
"783736","2118","Series 2100 Lift Assembly Exploded Diagram","https://sumner.com/wp-content/uploads/sites/14/2025/07/Series-2100-Lift-Assembly-Exploded-Diagram.pdf","","exploded_view","Found in parts diagram"
"783736","2124","Series 2100 Lift Assembly Exploded Diagram","https://sumner.com/wp-content/uploads/sites/14/2025/07/Series-2100-Lift-Assembly-Exploded-Diagram.pdf","","exploded_view","Found in parts diagram"
"783736","2112G","Series 2100 Lift Assembly Exploded Diagram","https://sumner.com/wp-content/uploads/sites/14/2025/07/Series-2100-Lift-Assembly-Exploded-Diagram.pdf","","exploded_view","Found in parts diagram"
"783736","2118G","Series 2100 Lift Assembly Exploded Diagram","https://sumner.com/wp-content/uploads/sites/14/2025/07/Series-2100-Lift-Assembly-Exploded-Diagram.pdf","","exploded_view","Found in parts diagram"
"783736","2124G","Series 2100 Lift Assembly Exploded Diagram","https://sumner.com/wp-content/uploads/sites/14/2025/07/Series-2100-Lift-Assembly-Exploded-Diagram.pdf","","exploded_view","Found in parts diagram"
"783746","2112","Series 2100 Lift Assembly Exploded Diagram","https://sumner.com/wp-content/uploads/sites/14/2025/07/Series-2100-Lift-Assembly-Exploded-Diagram.pdf","","exploded_view","Found in parts diagram"
"783746","2118","Series 2100 Lift Assembly Exploded Diagram","https://sumner.com/wp-content/uploads/sites/14/2025/07/Series-2100-Lift-Assembly-Exploded-Diagram.pdf","","exploded_view","Found in parts diagram"
"783746","2124","Series 2100 Lift Assembly Exploded Diagram","https://sumner.com/wp-content/uploads/sites/14/2025/07/Series-2100-Lift-Assembly-Exploded-Diagram.pdf","","exploded_view","Found in parts diagram"
"783746","2112G","Series 2100 Lift Assembly Exploded Diagram","https://sumner.com/wp-content/uploads/sites/14/2025/07/Series-2100-Lift-Assembly-Exploded-Diagram.pdf","","exploded_view","Found in parts diagram"
"783746","2118G","Series 2100 Lift Assembly Exploded Diagram","https://sumner.com/wp-content/uploads/sites/14/2025/07/Series-2100-Lift-Assembly-Exploded-Diagram.pdf","","exploded_view","Found in parts diagram"
"783746","2124G","Series 2100 Lift Assembly Exploded Diagram","https://sumner.com/wp-content/uploads/sites/14/2025/07/Series-2100-Lift-Assembly-Exploded-Diagram.pdf","","exploded_view","Found in parts diagram"
"783940","2112","Series 2100 Lift Assembly Exploded Diagram","https://sumner.com/wp-content/uploads/sites/14/2025/07/Series-2100-Lift-Assembly-Exploded-Diagram.pdf","","exploded_view","Found in parts diagram"
"783940","2118","Series 2100 Lift Assembly Exploded Diagram","https://sumner.com/wp-content/uploads/sites/14/2025/07/Series-2100-Lift-Assembly-Exploded-Diagram.pdf","","exploded_view","Found in parts diagram"
"783940","2124","Series 2100 Lift Assembly Exploded Diagram","https://sumner.com/wp-content/uploads/sites/14/2025/07/Series-2100-Lift-Assembly-Exploded-Diagram.pdf","","exploded_view","Found in parts diagram"
"783940","2112G","Series 2100 Lift Assembly Exploded Diagram","https://sumner.com/wp-content/uploads/sites/14/2025/07/Series-2100-Lift-Assembly-Exploded-Diagram.pdf","","exploded_view","Found in parts diagram"
"783940","2118G","Series 2100 Lift Assembly Exploded Diagram","https://sumner.com/wp-content/uploads/sites/14/2025/07/Series-2100-Lift-Assembly-Exploded-Diagram.pdf","","exploded_view","Found in parts diagram"
"783940","2124G","Series 2100 Lift Assembly Exploded Diagram","https://sumner.com/wp-content/uploads/sites/14/2025/07/Series-2100-Lift-Assembly-Exploded-Diagram.pdf","","exploded_view","Found in parts diagram"
"783642","2112","Series 2100 Lift Assembly Exploded Diagram","https://sumner.com/wp-content/uploads/sites/14/2025/07/Series-2100-Lift-Assembly-Exploded-Diagram.pdf","","exploded_view","Found in parts diagram"
"783642","2118","Series 2100 Lift Assembly Exploded Diagram","https://sumner.com/wp-content/uploads/sites/14/2025/07/Series-2100-Lift-Assembly-Exploded-Diagram.pdf","","exploded_view","Found in parts diagram"
"783642","2124","Series 2100 Lift Assembly Exploded Diagram","https://sumner.com/wp-content/uploads/sites/14/2025/07/Series-2100-Lift-Assembly-Exploded-Diagram.pdf","","exploded_view","Found in parts diagram"
"783642","2112G","Series 2100 Lift Assembly Exploded Diagram","https://sumner.com/wp-content/uploads/sites/14/2025/07/Series-2100-Lift-Assembly-Exploded-Diagram.pdf","","exploded_view","Found in parts diagram"
"783642","2118G","Series 2100 Lift Assembly Exploded Diagram","https://sumner.com/wp-content/uploads/sites/14/2025/07/Series-2100-Lift-Assembly-Exploded-Diagram.pdf","","exploded_view","Found in parts diagram"
"783642","2124G","Series 2100 Lift Assembly Exploded Diagram","https://sumner.com/wp-content/uploads/sites/14/2025/07/Series-2100-Lift-Assembly-Exploded-Diagram.pdf","","exploded_view","Found in parts diagram"
"776212","2112","Series 2100 Lift Assembly Exploded Diagram","https://sumner.com/wp-content/uploads/sites/14/2025/07/Series-2100-Lift-Assembly-Exploded-Diagram.pdf","","exploded_view","Found in parts diagram"
"776212","2118","Series 2100 Lift Assembly Exploded Diagram","https://sumner.com/wp-content/uploads/sites/14/2025/07/Series-2100-Lift-Assembly-Exploded-Diagram.pdf","","exploded_view","Found in parts diagram"
"776212","2124","Series 2100 Lift Assembly Exploded Diagram","https://sumner.com/wp-content/uploads/sites/14/2025/07/Series-2100-Lift-Assembly-Exploded-Diagram.pdf","","exploded_view","Found in parts diagram"
"776212","2112G","Series 2100 Lift Assembly Exploded Diagram","https://sumner.com/wp-content/uploads/sites/14/2025/07/Series-2100-Lift-Assembly-Exploded-Diagram.pdf","","exploded_view","Found in parts diagram"
"776212","2118G","Series 2100 Lift Assembly Exploded Diagram","https://sumner.com/wp-content/uploads/sites/14/2025/07/Series-2100-Lift-Assembly-Exploded-Diagram.pdf","","exploded_view","Found in parts diagram"
"776212","2124G","Series 2100 Lift Assembly Exploded Diagram","https://sumner.com/wp-content/uploads/sites/14/2025/07/Series-2100-Lift-Assembly-Exploded-Diagram.pdf","","exploded_view","Found in parts diagram"
"782510","2112","Series 2100 Lift Assembly Exploded Diagram","https://sumner.com/wp-content/uploads/sites/14/2025/07/Series-2100-Lift-Assembly-Exploded-Diagram.pdf","","exploded_view","Found in parts diagram"
"782510","2118","Series 2100 Lift Assembly Exploded Diagram","https://sumner.com/wp-content/uploads/sites/14/2025/07/Series-2100-Lift-Assembly-Exploded-Diagram.pdf","","exploded_view","Found in parts diagram"
"782510","2124","Series 2100 Lift Assembly Exploded Diagram","https://sumner.com/wp-content/uploads/sites/14/2025/07/Series-2100-Lift-Assembly-Exploded-Diagram.pdf","","exploded_view","Found in parts diagram"
"782510","2112G","Series 2100 Lift Assembly Exploded Diagram","https://sumner.com/wp-content/uploads/sites/14/2025/07/Series-2100-Lift-Assembly-Exploded-Diagram.pdf","","exploded_view","Found in parts diagram"
"782510","2118G","Series 2100 Lift Assembly Exploded Diagram","https://sumner.com/wp-content/uploads/sites/14/2025/07/Series-2100-Lift-Assembly-Exploded-Diagram.pdf","","exploded_view","Found in parts diagram"
"782510","2124G","Series 2100 Lift Assembly Exploded Diagram","https://sumner.com/wp-content/uploads/sites/14/2025/07/Series-2100-Lift-Assembly-Exploded-Diagram.pdf","","exploded_view","Found in parts diagram"
"775110","2112","Series 2100 Lift Assembly Exploded Diagram","https://sumner.com/wp-content/uploads/sites/14/2025/07/Series-2100-Lift-Assembly-Exploded-Diagram.pdf","","exploded_view","Found in parts diagram"
"775110","2118","Series 2100 Lift Assembly Exploded Diagram","https://sumner.com/wp-content/uploads/sites/14/2025/07/Series-2100-Lift-Assembly-Exploded-Diagram.pdf","","exploded_view","Found in parts diagram"
"775110","2124","Series 2100 Lift Assembly Exploded Diagram","https://sumner.com/wp-content/uploads/sites/14/2025/07/Series-2100-Lift-Assembly-Exploded-Diagram.pdf","","exploded_view","Found in parts diagram"
"775110","2112G","Series 2100 Lift Assembly Exploded Diagram","https://sumner.com/wp-content/uploads/sites/14/2025/07/Series-2100-Lift-Assembly-Exploded-Diagram.pdf","","exploded_view","Found in parts diagram"
"775110","2118G","Series 2100 Lift Assembly Exploded Diagram","https://sumner.com/wp-content/uploads/sites/14/2025/07/Series-2100-Lift-Assembly-Exploded-Diagram.pdf","","exploded_view","Found in parts diagram"
"775110","2124G","Series 2100 Lift Assembly Exploded Diagram","https://sumner.com/wp-content/uploads/sites/14/2025/07/Series-2100-Lift-Assembly-Exploded-Diagram.pdf","","exploded_view","Found in parts diagram"
"783705","2112","Series 2100 Lift Assembly Exploded Diagram","https://sumner.com/wp-content/uploads/sites/14/2025/07/Series-2100-Lift-Assembly-Exploded-Diagram.pdf","","exploded_view","Found in parts diagram"
"783705","2118","Series 2100 Lift Assembly Exploded Diagram","https://sumner.com/wp-content/uploads/sites/14/2025/07/Series-2100-Lift-Assembly-Exploded-Diagram.pdf","","exploded_view","Found in parts diagram"
"783705","2124","Series 2100 Lift Assembly Exploded Diagram","https://sumner.com/wp-content/uploads/sites/14/2025/07/Series-2100-Lift-Assembly-Exploded-Diagram.pdf","","exploded_view","Found in parts diagram"
"783705","2112G","Series 2100 Lift Assembly Exploded Diagram","https://sumner.com/wp-content/uploads/sites/14/2025/07/Series-2100-Lift-Assembly-Exploded-Diagram.pdf","","exploded_view","Found in parts diagram"
"783705","2118G","Series 2100 Lift Assembly Exploded Diagram","https://sumner.com/wp-content/uploads/sites/14/2025/07/Series-2100-Lift-Assembly-Exploded-Diagram.pdf","","exploded_view","Found in parts diagram"
"783705","2124G","Series 2100 Lift Assembly Exploded Diagram","https://sumner.com/wp-content/uploads/sites/14/2025/07/Series-2100-Lift-Assembly-Exploded-Diagram.pdf","","exploded_view","Found in parts diagram"
"786320","2112","Series 2100 Lift Assembly Exploded Diagram","https://sumner.com/wp-content/uploads/sites/14/2025/07/Series-2100-Lift-Assembly-Exploded-Diagram.pdf","","exploded_view","Found in parts diagram"
"786320","2118","Series 2100 Lift Assembly Exploded Diagram","https://sumner.com/wp-content/uploads/sites/14/2025/07/Series-2100-Lift-Assembly-Exploded-Diagram.pdf","","exploded_view","Found in parts diagram"
"786320","2124","Series 2100 Lift Assembly Exploded Diagram","https://sumner.com/wp-content/uploads/sites/14/2025/07/Series-2100-Lift-Assembly-Exploded-Diagram.pdf","","exploded_view","Found in parts diagram"
"786320","2112G","Series 2100 Lift Assembly Exploded Diagram","https://sumner.com/wp-content/uploads/sites/14/2025/07/Series-2100-Lift-Assembly-Exploded-Diagram.pdf","","exploded_view","Found in parts diagram"
"786320","2118G","Series 2100 Lift Assembly Exploded Diagram","https://sumner.com/wp-content/uploads/sites/14/2025/07/Series-2100-Lift-Assembly-Exploded-Diagram.pdf","","exploded_view","Found in parts diagram"
"786320","2124G","Series 2100 Lift Assembly Exploded Diagram","https://sumner.com/wp-content/uploads/sites/14/2025/07/Series-2100-Lift-Assembly-Exploded-Diagram.pdf","","exploded_view","Found in parts diagram"
"778383","2112","Series 2100 Lift Assembly Exploded Diagram","https://sumner.com/wp-content/uploads/sites/14/2025/07/Series-2100-Lift-Assembly-Exploded-Diagram.pdf","","exploded_view","Found in parts diagram"
"778383","2118","Series 2100 Lift Assembly Exploded Diagram","https://sumner.com/wp-content/uploads/sites/14/2025/07/Series-2100-Lift-Assembly-Exploded-Diagram.pdf","","exploded_view","Found in parts diagram"
"778383","2124","Series 2100 Lift Assembly Exploded Diagram","https://sumner.com/wp-content/uploads/sites/14/2025/07/Series-2100-Lift-Assembly-Exploded-Diagram.pdf","","exploded_view","Found in parts diagram"
"778383","2112G","Series 2100 Lift Assembly Exploded Diagram","https://sumner.com/wp-content/uploads/sites/14/2025/07/Series-2100-Lift-Assembly-Exploded-Diagram.pdf","","exploded_view","Found in parts diagram"
"778383","2118G","Series 2100 Lift Assembly Exploded Diagram","https://sumner.com/wp-content/uploads/sites/14/2025/07/Series-2100-Lift-Assembly-Exploded-Diagram.pdf","","exploded_view","Found in parts diagram"
"778383","2124G","Series 2100 Lift Assembly Exploded Diagram","https://sumner.com/wp-content/uploads/sites/14/2025/07/Series-2100-Lift-Assembly-Exploded-Diagram.pdf","","exploded_view","Found in parts diagram"
"778347","2112","Series 2100 Lift Assembly Exploded Diagram","https://sumner.com/wp-content/uploads/sites/14/2025/07/Series-2100-Lift-Assembly-Exploded-Diagram.pdf","","exploded_view","Found in parts diagram"
"778347","2118","Series 2100 Lift Assembly Exploded Diagram","https://sumner.com/wp-content/uploads/sites/14/2025/07/Series-2100-Lift-Assembly-Exploded-Diagram.pdf","","exploded_view","Found in parts diagram"
"778347","2124","Series 2100 Lift Assembly Exploded Diagram","https://sumner.com/wp-content/uploads/sites/14/2025/07/Series-2100-Lift-Assembly-Exploded-Diagram.pdf","","exploded_view","Found in parts diagram"
"778347","2112G","Series 2100 Lift Assembly Exploded Diagram","https://sumner.com/wp-content/uploads/sites/14/2025/07/Series-2100-Lift-Assembly-Exploded-Diagram.pdf","","exploded_view","Found in parts diagram"
"778347","2118G","Series 2100 Lift Assembly Exploded Diagram","https://sumner.com/wp-content/uploads/sites/14/2025/07/Series-2100-Lift-Assembly-Exploded-Diagram.pdf","","exploded_view","Found in parts diagram"
"778347","2124G","Series 2100 Lift Assembly Exploded Diagram","https://sumner.com/wp-content/uploads/sites/14/2025/07/Series-2100-Lift-Assembly-Exploded-Diagram.pdf","","exploded_view","Found in parts diagram"
"778339","2112","Series 2100 Lift Assembly Exploded Diagram","https://sumner.com/wp-content/uploads/sites/14/2025/07/Series-2100-Lift-Assembly-Exploded-Diagram.pdf","","exploded_view","Found in parts diagram"
"778339","2118","Series 2100 Lift Assembly Exploded Diagram","https://sumner.com/wp-content/uploads/sites/14/2025/07/Series-2100-Lift-Assembly-Exploded-Diagram.pdf","","exploded_view","Found in parts diagram"
"778339","2124","Series 2100 Lift Assembly Exploded Diagram","https://sumner.com/wp-content/uploads/sites/14/2025/07/Series-2100-Lift-Assembly-Exploded-Diagram.pdf","","exploded_view","Found in parts diagram"
"778339","2112G","Series 2100 Lift Assembly Exploded Diagram","https://sumner.com/wp-content/uploads/sites/14/2025/07/Series-2100-Lift-Assembly-Exploded-Diagram.pdf","","exploded_view","Found in parts diagram"
"778339","2118G","Series 2100 Lift Assembly Exploded Diagram","https://sumner.com/wp-content/uploads/sites/14/2025/07/Series-2100-Lift-Assembly-Exploded-Diagram.pdf","","exploded_view","Found in parts diagram"
"778339","2124G","Series 2100 Lift Assembly Exploded Diagram","https://sumner.com/wp-content/uploads/sites/14/2025/07/Series-2100-Lift-Assembly-Exploded-Diagram.pdf","","exploded_view","Found in parts diagram"
"778906","2112","Series 2100 Lift Assembly Exploded Diagram","https://sumner.com/wp-content/uploads/sites/14/2025/07/Series-2100-Lift-Assembly-Exploded-Diagram.pdf","","exploded_view","Found in parts diagram"
"778906","2118","Series 2100 Lift Assembly Exploded Diagram","https://sumner.com/wp-content/uploads/sites/14/2025/07/Series-2100-Lift-Assembly-Exploded-Diagram.pdf","","exploded_view","Found in parts diagram"
"778906","2124","Series 2100 Lift Assembly Exploded Diagram","https://sumner.com/wp-content/uploads/sites/14/2025/07/Series-2100-Lift-Assembly-Exploded-Diagram.pdf","","exploded_view","Found in parts diagram"
"778906","2112G","Series 2100 Lift Assembly Exploded Diagram","https://sumner.com/wp-content/uploads/sites/14/2025/07/Series-2100-Lift-Assembly-Exploded-Diagram.pdf","","exploded_view","Found in parts diagram"
"778906","2118G","Series 2100 Lift Assembly Exploded Diagram","https://sumner.com/wp-content/uploads/sites/14/2025/07/Series-2100-Lift-Assembly-Exploded-Diagram.pdf","","exploded_view","Found in parts diagram"
"778906","2124G","Series 2100 Lift Assembly Exploded Diagram","https://sumner.com/wp-content/uploads/sites/14/2025/07/Series-2100-Lift-Assembly-Exploded-Diagram.pdf","","exploded_view","Found in parts diagram"
"778850","2112","Series 2100 Lift Assembly Exploded Diagram","https://sumner.com/wp-content/uploads/sites/14/2025/07/Series-2100-Lift-Assembly-Exploded-Diagram.pdf","","exploded_view","Found in parts diagram"
"778850","2118","Series 2100 Lift Assembly Exploded Diagram","https://sumner.com/wp-content/uploads/sites/14/2025/07/Series-2100-Lift-Assembly-Exploded-Diagram.pdf","","exploded_view","Found in parts diagram"
"778850","2124","Series 2100 Lift Assembly Exploded Diagram","https://sumner.com/wp-content/uploads/sites/14/2025/07/Series-2100-Lift-Assembly-Exploded-Diagram.pdf","","exploded_view","Found in parts diagram"
"778850","2112G","Series 2100 Lift Assembly Exploded Diagram","https://sumner.com/wp-content/uploads/sites/14/2025/07/Series-2100-Lift-Assembly-Exploded-Diagram.pdf","","exploded_view","Found in parts diagram"
"778850","2118G","Series 2100 Lift Assembly Exploded Diagram","https://sumner.com/wp-content/uploads/sites/14/2025/07/Series-2100-Lift-Assembly-Exploded-Diagram.pdf","","exploded_view","Found in parts diagram"
"778850","2124G","Series 2100 Lift Assembly Exploded Diagram","https://sumner.com/wp-content/uploads/sites/14/2025/07/Series-2100-Lift-Assembly-Exploded-Diagram.pdf","","exploded_view","Found in parts diagram"
"778342","2112","Series 2100 Lift Assembly Exploded Diagram","https://sumner.com/wp-content/uploads/sites/14/2025/07/Series-2100-Lift-Assembly-Exploded-Diagram.pdf","","exploded_view","Found in parts diagram"
"778342","2118","Series 2100 Lift Assembly Exploded Diagram","https://sumner.com/wp-content/uploads/sites/14/2025/07/Series-2100-Lift-Assembly-Exploded-Diagram.pdf","","exploded_view","Found in parts diagram"
"778342","2124","Series 2100 Lift Assembly Exploded Diagram","https://sumner.com/wp-content/uploads/sites/14/2025/07/Series-2100-Lift-Assembly-Exploded-Diagram.pdf","","exploded_view","Found in parts diagram"
"778342","2112G","Series 2100 Lift Assembly Exploded Diagram","https://sumner.com/wp-content/uploads/sites/14/2025/07/Series-2100-Lift-Assembly-Exploded-Diagram.pdf","","exploded_view","Found in parts diagram"
"778342","2118G","Series 2100 Lift Assembly Exploded Diagram","https://sumner.com/wp-content/uploads/sites/14/2025/07/Series-2100-Lift-Assembly-Exploded-Diagram.pdf","","exploded_view","Found in parts diagram"
"778342","2124G","Series 2100 Lift Assembly Exploded Diagram","https://sumner.com/wp-content/uploads/sites/14/2025/07/Series-2100-Lift-Assembly-Exploded-Diagram.pdf","","exploded_view","Found in parts diagram"
"778350","2112","Series 2100 Lift Assembly Exploded Diagram","https://sumner.com/wp-content/uploads/sites/14/2025/07/Series-2100-Lift-Assembly-Exploded-Diagram.pdf","","exploded_view","Found in parts diagram"
"778350","2118","Series 2100 Lift Assembly Exploded Diagram","https://sumner.com/wp-content/uploads/sites/14/2025/07/Series-2100-Lift-Assembly-Exploded-Diagram.pdf","","exploded_view","Found in parts diagram"
"778350","2124","Series 2100 Lift Assembly Exploded Diagram","https://sumner.com/wp-content/uploads/sites/14/2025/07/Series-2100-Lift-Assembly-Exploded-Diagram.pdf","","exploded_view","Found in parts diagram"
"778350","2112G","Series 2100 Lift Assembly Exploded Diagram","https://sumner.com/wp-content/uploads/sites/14/2025/07/Series-2100-Lift-Assembly-Exploded-Diagram.pdf","","exploded_view","Found in parts diagram"
"778350","2118G","Series 2100 Lift Assembly Exploded Diagram","https://sumner.com/wp-content/uploads/sites/14/2025/07/Series-2100-Lift-Assembly-Exploded-Diagram.pdf","","exploded_view","Found in parts diagram"
"778350","2124G","Series 2100 Lift Assembly Exploded Diagram","https://sumner.com/wp-content/uploads/sites/14/2025/07/Series-2100-Lift-Assembly-Exploded-Diagram.pdf","","exploded_view","Found in parts diagram"
"778346","2112","Series 2100 Lift Assembly Exploded Diagram","https://sumner.com/wp-content/uploads/sites/14/2025/07/Series-2100-Lift-Assembly-Exploded-Diagram.pdf","","exploded_view","Found in parts diagram"
"778346","2118","Series 2100 Lift Assembly Exploded Diagram","https://sumner.com/wp-content/uploads/sites/14/2025/07/Series-2100-Lift-Assembly-Exploded-Diagram.pdf","","exploded_view","Found in parts diagram"
"778346","2124","Series 2100 Lift Assembly Exploded Diagram","https://sumner.com/wp-content/uploads/sites/14/2025/07/Series-2100-Lift-Assembly-Exploded-Diagram.pdf","","exploded_view","Found in parts diagram"
"778346","2112G","Series 2100 Lift Assembly Exploded Diagram","https://sumner.com/wp-content/uploads/sites/14/2025/07/Series-2100-Lift-Assembly-Exploded-Diagram.pdf","","exploded_view","Found in parts diagram"
"778346","2118G","Series 2100 Lift Assembly Exploded Diagram","https://sumner.com/wp-content/uploads/sites/14/2025/07/Series-2100-Lift-Assembly-Exploded-Diagram.pdf","","exploded_view","Found in parts diagram"
"778346","2124G","Series 2100 Lift Assembly Exploded Diagram","https://sumner.com/wp-content/uploads/sites/14/2025/07/Series-2100-Lift-Assembly-Exploded-Diagram.pdf","","exploded_view","Found in parts diagram"
"778920","2112","Series 2100 Lift Assembly Exploded Diagram","https://sumner.com/wp-content/uploads/sites/14/2025/07/Series-2100-Lift-Assembly-Exploded-Diagram.pdf","","exploded_view","Found in parts diagram"
"778920","2118","Series 2100 Lift Assembly Exploded Diagram","https://sumner.com/wp-content/uploads/sites/14/2025/07/Series-2100-Lift-Assembly-Exploded-Diagram.pdf","","exploded_view","Found in parts diagram"
"778920","2124","Series 2100 Lift Assembly Exploded Diagram","https://sumner.com/wp-content/uploads/sites/14/2025/07/Series-2100-Lift-Assembly-Exploded-Diagram.pdf","","exploded_view","Found in parts diagram"
"778920","2112G","Series 2100 Lift Assembly Exploded Diagram","https://sumner.com/wp-content/uploads/sites/14/2025/07/Series-2100-Lift-Assembly-Exploded-Diagram.pdf","","exploded_view","Found in parts diagram"
"778920","2118G","Series 2100 Lift Assembly Exploded Diagram","https://sumner.com/wp-content/uploads/sites/14/2025/07/Series-2100-Lift-Assembly-Exploded-Diagram.pdf","","exploded_view","Found in parts diagram"
"778920","2124G","Series 2100 Lift Assembly Exploded Diagram","https://sumner.com/wp-content/uploads/sites/14/2025/07/Series-2100-Lift-Assembly-Exploded-Diagram.pdf","","exploded_view","Found in parts diagram"
"778348","2112","Series 2100 Lift Assembly Exploded Diagram","https://sumner.com/wp-content/uploads/sites/14/2025/07/Series-2100-Lift-Assembly-Exploded-Diagram.pdf","","exploded_view","Found in parts diagram"
"778348","2118","Series 2100 Lift Assembly Exploded Diagram","https://sumner.com/wp-content/uploads/sites/14/2025/07/Series-2100-Lift-Assembly-Exploded-Diagram.pdf","","exploded_view","Found in parts diagram"
"778348","2124","Series 2100 Lift Assembly Exploded Diagram","https://sumner.com/wp-content/uploads/sites/14/2025/07/Series-2100-Lift-Assembly-Exploded-Diagram.pdf","","exploded_view","Found in parts diagram"
"778348","2112G","Series 2100 Lift Assembly Exploded Diagram","https://sumner.com/wp-content/uploads/sites/14/2025/07/Series-2100-Lift-Assembly-Exploded-Diagram.pdf","","exploded_view","Found in parts diagram"
"778348","2118G","Series 2100 Lift Assembly Exploded Diagram","https://sumner.com/wp-content/uploads/sites/14/2025/07/Series-2100-Lift-Assembly-Exploded-Diagram.pdf","","exploded_view","Found in parts diagram"
"778348","2124G","Series 2100 Lift Assembly Exploded Diagram","https://sumner.com/wp-content/uploads/sites/14/2025/07/Series-2100-Lift-Assembly-Exploded-Diagram.pdf","","exploded_view","Found in parts diagram"
"778461","2112","Series 2100 Lift Assembly Exploded Diagram","https://sumner.com/wp-content/uploads/sites/14/2025/07/Series-2100-Lift-Assembly-Exploded-Diagram.pdf","","exploded_view","Found in parts diagram"
"778461","2118","Series 2100 Lift Assembly Exploded Diagram","https://sumner.com/wp-content/uploads/sites/14/2025/07/Series-2100-Lift-Assembly-Exploded-Diagram.pdf","","exploded_view","Found in parts diagram"
"778461","2124","Series 2100 Lift Assembly Exploded Diagram","https://sumner.com/wp-content/uploads/sites/14/2025/07/Series-2100-Lift-Assembly-Exploded-Diagram.pdf","","exploded_view","Found in parts diagram"
"778461","2112G","Series 2100 Lift Assembly Exploded Diagram","https://sumner.com/wp-content/uploads/sites/14/2025/07/Series-2100-Lift-Assembly-Exploded-Diagram.pdf","","exploded_view","Found in parts diagram"
"778461","2118G","Series 2100 Lift Assembly Exploded Diagram","https://sumner.com/wp-content/uploads/sites/14/2025/07/Series-2100-Lift-Assembly-Exploded-Diagram.pdf","","exploded_view","Found in parts diagram"
"778461","2124G","Series 2100 Lift Assembly Exploded Diagram","https://sumner.com/wp-content/uploads/sites/14/2025/07/Series-2100-Lift-Assembly-Exploded-Diagram.pdf","","exploded_view","Found in parts diagram"
"778370","2112","Series 2100 Lift Assembly Exploded Diagram","https://sumner.com/wp-content/uploads/sites/14/2025/07/Series-2100-Lift-Assembly-Exploded-Diagram.pdf","","exploded_view","Found in parts diagram"
"778370","2118","Series 2100 Lift Assembly Exploded Diagram","https://sumner.com/wp-content/uploads/sites/14/2025/07/Series-2100-Lift-Assembly-Exploded-Diagram.pdf","","exploded_view","Found in parts diagram"
"778370","2124","Series 2100 Lift Assembly Exploded Diagram","https://sumner.com/wp-content/uploads/sites/14/2025/07/Series-2100-Lift-Assembly-Exploded-Diagram.pdf","","exploded_view","Found in parts diagram"
"778370","2112G","Series 2100 Lift Assembly Exploded Diagram","https://sumner.com/wp-content/uploads/sites/14/2025/07/Series-2100-Lift-Assembly-Exploded-Diagram.pdf","","exploded_view","Found in parts diagram"
"778370","2118G","Series 2100 Lift Assembly Exploded Diagram","https://sumner.com/wp-content/uploads/sites/14/2025/07/Series-2100-Lift-Assembly-Exploded-Diagram.pdf","","exploded_view","Found in parts diagram"
"778370","2124G","Series 2100 Lift Assembly Exploded Diagram","https://sumner.com/wp-content/uploads/sites/14/2025/07/Series-2100-Lift-Assembly-Exploded-Diagram.pdf","","exploded_view","Found in parts diagram"
"778371","2112","Series 2100 Lift Assembly Exploded Diagram","https://sumner.com/wp-content/uploads/sites/14/2025/07/Series-2100-Lift-Assembly-Exploded-Diagram.pdf","","exploded_view","Found in parts diagram"
"778371","2118","Series 2100 Lift Assembly Exploded Diagram","https://sumner.com/wp-content/uploads/sites/14/2025/07/Series-2100-Lift-Assembly-Exploded-Diagram.pdf","","exploded_view","Found in parts diagram"
"778371","2124","Series 2100 Lift Assembly Exploded Diagram","https://sumner.com/wp-content/uploads/sites/14/2025/07/Series-2100-Lift-Assembly-Exploded-Diagram.pdf","","exploded_view","Found in parts diagram"
"778371","2112G","Series 2100 Lift Assembly Exploded Diagram","https://sumner.com/wp-content/uploads/sites/14/2025/07/Series-2100-Lift-Assembly-Exploded-Diagram.pdf","","exploded_view","Found in parts diagram"
"778371","2118G","Series 2100 Lift Assembly Exploded Diagram","https://sumner.com/wp-content/uploads/sites/14/2025/07/Series-2100-Lift-Assembly-Exploded-Diagram.pdf","","exploded_view","Found in parts diagram"
"778371","2124G","Series 2100 Lift Assembly Exploded Diagram","https://sumner.com/wp-content/uploads/sites/14/2025/07/Series-2100-Lift-Assembly-Exploded-Diagram.pdf","","exploded_view","Found in parts diagram"
"778372","2112","Series 2100 Lift Assembly Exploded Diagram","https://sumner.com/wp-content/uploads/sites/14/2025/07/Series-2100-Lift-Assembly-Exploded-Diagram.pdf","","exploded_view","Found in parts diagram"
"778372","2118","Series 2100 Lift Assembly Exploded Diagram","https://sumner.com/wp-content/uploads/sites/14/2025/07/Series-2100-Lift-Assembly-Exploded-Diagram.pdf","","exploded_view","Found in parts diagram"
"778372","2124","Series 2100 Lift Assembly Exploded Diagram","https://sumner.com/wp-content/uploads/sites/14/2025/07/Series-2100-Lift-Assembly-Exploded-Diagram.pdf","","exploded_view","Found in parts diagram"
"778372","2112G","Series 2100 Lift Assembly Exploded Diagram","https://sumner.com/wp-content/uploads/sites/14/2025/07/Series-2100-Lift-Assembly-Exploded-Diagram.pdf","","exploded_view","Found in parts diagram"
"778372","2118G","Series 2100 Lift Assembly Exploded Diagram","https://sumner.com/wp-content/uploads/sites/14/2025/07/Series-2100-Lift-Assembly-Exploded-Diagram.pdf","","exploded_view","Found in parts diagram"
"778372","2124G","Series 2100 Lift Assembly Exploded Diagram","https://sumner.com/wp-content/uploads/sites/14/2025/07/Series-2100-Lift-Assembly-Exploded-Diagram.pdf","","exploded_view","Found in parts diagram"
"774117","2208","Series 2200 Lift Assembly Exploded Diagram","https://sumner.com/wp-content/uploads/sites/14/2025/11/Series-2200-Lift-Assembly-Exploded-Diagram.pdf","","exploded_view","Found in parts diagram"
"774117","2210","Series 2200 Lift Assembly Exploded Diagram","https://sumner.com/wp-content/uploads/sites/14/2025/11/Series-2200-Lift-Assembly-Exploded-Diagram.pdf","","exploded_view","Found in parts diagram"
"776055","2208","Series 2200 Lift Assembly Exploded Diagram","https://sumner.com/wp-content/uploads/sites/14/2025/11/Series-2200-Lift-Assembly-Exploded-Diagram.pdf","","exploded_view","Found in parts diagram"
"776055","2210","Series 2200 Lift Assembly Exploded Diagram","https://sumner.com/wp-content/uploads/sites/14/2025/11/Series-2200-Lift-Assembly-Exploded-Diagram.pdf","","exploded_view","Found in parts diagram"
"772502","2208","Series 2200 Lift Assembly Exploded Diagram","https://sumner.com/wp-content/uploads/sites/14/2025/11/Series-2200-Lift-Assembly-Exploded-Diagram.pdf","","exploded_view","Found in parts diagram"
"772502","2210","Series 2200 Lift Assembly Exploded Diagram","https://sumner.com/wp-content/uploads/sites/14/2025/11/Series-2200-Lift-Assembly-Exploded-Diagram.pdf","","exploded_view","Found in parts diagram"
"771239","2208","Series 2200 Lift Assembly Exploded Diagram","https://sumner.com/wp-content/uploads/sites/14/2025/11/Series-2200-Lift-Assembly-Exploded-Diagram.pdf","","exploded_view","Found in parts diagram"
"771239","2210","Series 2200 Lift Assembly Exploded Diagram","https://sumner.com/wp-content/uploads/sites/14/2025/11/Series-2200-Lift-Assembly-Exploded-Diagram.pdf","","exploded_view","Found in parts diagram"
"772355","2208","Series 2200 Lift Assembly Exploded Diagram","https://sumner.com/wp-content/uploads/sites/14/2025/11/Series-2200-Lift-Assembly-Exploded-Diagram.pdf","","exploded_view","Found in parts diagram"
"772355","2210","Series 2200 Lift Assembly Exploded Diagram","https://sumner.com/wp-content/uploads/sites/14/2025/11/Series-2200-Lift-Assembly-Exploded-Diagram.pdf","","exploded_view","Found in parts diagram"
"773042","2208","Series 2200 Lift Assembly Exploded Diagram","https://sumner.com/wp-content/uploads/sites/14/2025/11/Series-2200-Lift-Assembly-Exploded-Diagram.pdf","","exploded_view","Found in parts diagram"
"773042","2210","Series 2200 Lift Assembly Exploded Diagram","https://sumner.com/wp-content/uploads/sites/14/2025/11/Series-2200-Lift-Assembly-Exploded-Diagram.pdf","","exploded_view","Found in parts diagram"
"771107","2208","Series 2200 Lift Assembly Exploded Diagram","https://sumner.com/wp-content/uploads/sites/14/2025/11/Series-2200-Lift-Assembly-Exploded-Diagram.pdf","","exploded_view","Found in parts diagram"
"771107","2210","Series 2200 Lift Assembly Exploded Diagram","https://sumner.com/wp-content/uploads/sites/14/2025/11/Series-2200-Lift-Assembly-Exploded-Diagram.pdf","","exploded_view","Found in parts diagram"
"773040","2208","Series 2200 Lift Assembly Exploded Diagram","https://sumner.com/wp-content/uploads/sites/14/2025/11/Series-2200-Lift-Assembly-Exploded-Diagram.pdf","","exploded_view","Found in parts diagram"
"773040","2210","Series 2200 Lift Assembly Exploded Diagram","https://sumner.com/wp-content/uploads/sites/14/2025/11/Series-2200-Lift-Assembly-Exploded-Diagram.pdf","","exploded_view","Found in parts diagram"
"774053","2208","Series 2200 Lift Assembly Exploded Diagram","https://sumner.com/wp-content/uploads/sites/14/2025/11/Series-2200-Lift-Assembly-Exploded-Diagram.pdf","","exploded_view","Found in parts diagram"
"774053","2210","Series 2200 Lift Assembly Exploded Diagram","https://sumner.com/wp-content/uploads/sites/14/2025/11/Series-2200-Lift-Assembly-Exploded-Diagram.pdf","","exploded_view","Found in parts diagram"
"776212","2208","Series 2200 Lift Assembly Exploded Diagram","https://sumner.com/wp-content/uploads/sites/14/2025/11/Series-2200-Lift-Assembly-Exploded-Diagram.pdf","","exploded_view","Found in parts diagram"
"776212","2210","Series 2200 Lift Assembly Exploded Diagram","https://sumner.com/wp-content/uploads/sites/14/2025/11/Series-2200-Lift-Assembly-Exploded-Diagram.pdf","","exploded_view","Found in parts diagram"
"775110","2208","Series 2200 Lift Assembly Exploded Diagram","https://sumner.com/wp-content/uploads/sites/14/2025/11/Series-2200-Lift-Assembly-Exploded-Diagram.pdf","","exploded_view","Found in parts diagram"
"775110","2210","Series 2200 Lift Assembly Exploded Diagram","https://sumner.com/wp-content/uploads/sites/14/2025/11/Series-2200-Lift-Assembly-Exploded-Diagram.pdf","","exploded_view","Found in parts diagram"
"779905","2208","Series 2200 Lift Assembly Exploded Diagram","https://sumner.com/wp-content/uploads/sites/14/2025/11/Series-2200-Lift-Assembly-Exploded-Diagram.pdf","","exploded_view","Found in parts diagram"
"779905","2210","Series 2200 Lift Assembly Exploded Diagram","https://sumner.com/wp-content/uploads/sites/14/2025/11/Series-2200-Lift-Assembly-Exploded-Diagram.pdf","","exploded_view","Found in parts diagram"
"782510","2208","Series 2200 Lift Assembly Exploded Diagram","https://sumner.com/wp-content/uploads/sites/14/2025/11/Series-2200-Lift-Assembly-Exploded-Diagram.pdf","","exploded_view","Found in parts diagram"
"782510","2210","Series 2200 Lift Assembly Exploded Diagram","https://sumner.com/wp-content/uploads/sites/14/2025/11/Series-2200-Lift-Assembly-Exploded-Diagram.pdf","","exploded_view","Found in parts diagram"
"773060","2208","Series 2200 Lift Assembly Exploded Diagram","https://sumner.com/wp-content/uploads/sites/14/2025/11/Series-2200-Lift-Assembly-Exploded-Diagram.pdf","","exploded_view","Found in parts diagram"
"773060","2210","Series 2200 Lift Assembly Exploded Diagram","https://sumner.com/wp-content/uploads/sites/14/2025/11/Series-2200-Lift-Assembly-Exploded-Diagram.pdf","","exploded_view","Found in parts diagram"
"779317","2208","Series 2200 Lift Assembly Exploded Diagram","https://sumner.com/wp-content/uploads/sites/14/2025/11/Series-2200-Lift-Assembly-Exploded-Diagram.pdf","","exploded_view","Found in parts diagram"
"779317","2210","Series 2200 Lift Assembly Exploded Diagram","https://sumner.com/wp-content/uploads/sites/14/2025/11/Series-2200-Lift-Assembly-Exploded-Diagram.pdf","","exploded_view","Found in parts diagram"
"784288","2208","Series 2200 Lift Assembly Exploded Diagram","https://sumner.com/wp-content/uploads/sites/14/2025/11/Series-2200-Lift-Assembly-Exploded-Diagram.pdf","","exploded_view","Found in parts diagram"
"784288","2210","Series 2200 Lift Assembly Exploded Diagram","https://sumner.com/wp-content/uploads/sites/14/2025/11/Series-2200-Lift-Assembly-Exploded-Diagram.pdf","","exploded_view","Found in parts diagram"
"779012","2208","Series 2200 Lift Assembly Exploded Diagram","https://sumner.com/wp-content/uploads/sites/14/2025/11/Series-2200-Lift-Assembly-Exploded-Diagram.pdf","","exploded_view","Found in parts diagram"
"779012","2210","Series 2200 Lift Assembly Exploded Diagram","https://sumner.com/wp-content/uploads/sites/14/2025/11/Series-2200-Lift-Assembly-Exploded-Diagram.pdf","","exploded_view","Found in parts diagram"
"779012","2412","2412 Series Lift Assembly","https://sumner.com/wp-content/uploads/sites/14/2025/07/2412-Series-Lift-Assembly.pdf","","exploded_view","Found in parts diagram"
"779012","2416","2412 Series Lift Assembly","https://sumner.com/wp-content/uploads/sites/14/2025/07/2412-Series-Lift-Assembly.pdf","","exploded_view","Found in parts diagram"
"779012","2412G","2412 Series Lift Assembly","https://sumner.com/wp-content/uploads/sites/14/2025/07/2412-Series-Lift-Assembly.pdf","","exploded_view","Found in parts diagram"
"779012","2416G","2412 Series Lift Assembly","https://sumner.com/wp-content/uploads/sites/14/2025/07/2412-Series-Lift-Assembly.pdf","","exploded_view","Found in parts diagram"
"774053","2412","2412 Series Lift Assembly","https://sumner.com/wp-content/uploads/sites/14/2025/07/2412-Series-Lift-Assembly.pdf","","exploded_view","Found in parts diagram"
"774053","2416","2412 Series Lift Assembly","https://sumner.com/wp-content/uploads/sites/14/2025/07/2412-Series-Lift-Assembly.pdf","","exploded_view","Found in parts diagram"
"774053","2412G","2412 Series Lift Assembly","https://sumner.com/wp-content/uploads/sites/14/2025/07/2412-Series-Lift-Assembly.pdf","","exploded_view","Found in parts diagram"
"774053","2416G","2412 Series Lift Assembly","https://sumner.com/wp-content/uploads/sites/14/2025/07/2412-Series-Lift-Assembly.pdf","","exploded_view","Found in parts diagram"
"771107","2412","2412 Series Lift Assembly","https://sumner.com/wp-content/uploads/sites/14/2025/07/2412-Series-Lift-Assembly.pdf","","exploded_view","Found in parts diagram"
"771107","2416","2412 Series Lift Assembly","https://sumner.com/wp-content/uploads/sites/14/2025/07/2412-Series-Lift-Assembly.pdf","","exploded_view","Found in parts diagram"
"771107","2412G","2412 Series Lift Assembly","https://sumner.com/wp-content/uploads/sites/14/2025/07/2412-Series-Lift-Assembly.pdf","","exploded_view","Found in parts diagram"
"771107","2416G","2412 Series Lift Assembly","https://sumner.com/wp-content/uploads/sites/14/2025/07/2412-Series-Lift-Assembly.pdf","","exploded_view","Found in parts diagram"
"771090","2412","2412 Series Lift Assembly","https://sumner.com/wp-content/uploads/sites/14/2025/07/2412-Series-Lift-Assembly.pdf","","exploded_view","Found in parts diagram"
"771090","2416","2412 Series Lift Assembly","https://sumner.com/wp-content/uploads/sites/14/2025/07/2412-Series-Lift-Assembly.pdf","","exploded_view","Found in parts diagram"
"771090","2412G","2412 Series Lift Assembly","https://sumner.com/wp-content/uploads/sites/14/2025/07/2412-Series-Lift-Assembly.pdf","","exploded_view","Found in parts diagram"
"771090","2416G","2412 Series Lift Assembly","https://sumner.com/wp-content/uploads/sites/14/2025/07/2412-Series-Lift-Assembly.pdf","","exploded_view","Found in parts diagram"
"772502","2412","2412 Series Lift Assembly","https://sumner.com/wp-content/uploads/sites/14/2025/07/2412-Series-Lift-Assembly.pdf","","exploded_view","Found in parts diagram"
"772502","2416","2412 Series Lift Assembly","https://sumner.com/wp-content/uploads/sites/14/2025/07/2412-Series-Lift-Assembly.pdf","","exploded_view","Found in parts diagram"
"772502","2412G","2412 Series Lift Assembly","https://sumner.com/wp-content/uploads/sites/14/2025/07/2412-Series-Lift-Assembly.pdf","","exploded_view","Found in parts diagram"
"772502","2416G","2412 Series Lift Assembly","https://sumner.com/wp-content/uploads/sites/14/2025/07/2412-Series-Lift-Assembly.pdf","","exploded_view","Found in parts diagram"
"772355","2412","2412 Series Lift Assembly","https://sumner.com/wp-content/uploads/sites/14/2025/07/2412-Series-Lift-Assembly.pdf","","exploded_view","Found in parts diagram"
"772355","2416","2412 Series Lift Assembly","https://sumner.com/wp-content/uploads/sites/14/2025/07/2412-Series-Lift-Assembly.pdf","","exploded_view","Found in parts diagram"
"772355","2412G","2412 Series Lift Assembly","https://sumner.com/wp-content/uploads/sites/14/2025/07/2412-Series-Lift-Assembly.pdf","","exploded_view","Found in parts diagram"
"772355","2416G","2412 Series Lift Assembly","https://sumner.com/wp-content/uploads/sites/14/2025/07/2412-Series-Lift-Assembly.pdf","","exploded_view","Found in parts diagram"
"773042","2412","2412 Series Lift Assembly","https://sumner.com/wp-content/uploads/sites/14/2025/07/2412-Series-Lift-Assembly.pdf","","exploded_view","Found in parts diagram"
"773042","2416","2412 Series Lift Assembly","https://sumner.com/wp-content/uploads/sites/14/2025/07/2412-Series-Lift-Assembly.pdf","","exploded_view","Found in parts diagram"
"773042","2412G","2412 Series Lift Assembly","https://sumner.com/wp-content/uploads/sites/14/2025/07/2412-Series-Lift-Assembly.pdf","","exploded_view","Found in parts diagram"
"773042","2416G","2412 Series Lift Assembly","https://sumner.com/wp-content/uploads/sites/14/2025/07/2412-Series-Lift-Assembly.pdf","","exploded_view","Found in parts diagram"
"773022","2412","2412 Series Lift Assembly","https://sumner.com/wp-content/uploads/sites/14/2025/07/2412-Series-Lift-Assembly.pdf","","exploded_view","Found in parts diagram"
"773022","2416","2412 Series Lift Assembly","https://sumner.com/wp-content/uploads/sites/14/2025/07/2412-Series-Lift-Assembly.pdf","","exploded_view","Found in parts diagram"
"773022","2412G","2412 Series Lift Assembly","https://sumner.com/wp-content/uploads/sites/14/2025/07/2412-Series-Lift-Assembly.pdf","","exploded_view","Found in parts diagram"
"773022","2416G","2412 Series Lift Assembly","https://sumner.com/wp-content/uploads/sites/14/2025/07/2412-Series-Lift-Assembly.pdf","","exploded_view","Found in parts diagram"
"773040","2412","2412 Series Lift Assembly","https://sumner.com/wp-content/uploads/sites/14/2025/07/2412-Series-Lift-Assembly.pdf","","exploded_view","Found in parts diagram"
"773040","2416","2412 Series Lift Assembly","https://sumner.com/wp-content/uploads/sites/14/2025/07/2412-Series-Lift-Assembly.pdf","","exploded_view","Found in parts diagram"
"773040","2412G","2412 Series Lift Assembly","https://sumner.com/wp-content/uploads/sites/14/2025/07/2412-Series-Lift-Assembly.pdf","","exploded_view","Found in parts diagram"
"773040","2416G","2412 Series Lift Assembly","https://sumner.com/wp-content/uploads/sites/14/2025/07/2412-Series-Lift-Assembly.pdf","","exploded_view","Found in parts diagram"
"782910","2412","2412 Series Lift Assembly","https://sumner.com/wp-content/uploads/sites/14/2025/07/2412-Series-Lift-Assembly.pdf","","exploded_view","Found in parts diagram"
"782910","2416","2412 Series Lift Assembly","https://sumner.com/wp-content/uploads/sites/14/2025/07/2412-Series-Lift-Assembly.pdf","","exploded_view","Found in parts diagram"
"782910","2412G","2412 Series Lift Assembly","https://sumner.com/wp-content/uploads/sites/14/2025/07/2412-Series-Lift-Assembly.pdf","","exploded_view","Found in parts diagram"
"782910","2416G","2412 Series Lift Assembly","https://sumner.com/wp-content/uploads/sites/14/2025/07/2412-Series-Lift-Assembly.pdf","","exploded_view","Found in parts diagram"
"783575","2412","2412 Series Lift Assembly","https://sumner.com/wp-content/uploads/sites/14/2025/07/2412-Series-Lift-Assembly.pdf","","exploded_view","Found in parts diagram"
"783575","2416","2412 Series Lift Assembly","https://sumner.com/wp-content/uploads/sites/14/2025/07/2412-Series-Lift-Assembly.pdf","","exploded_view","Found in parts diagram"
"783575","2412G","2412 Series Lift Assembly","https://sumner.com/wp-content/uploads/sites/14/2025/07/2412-Series-Lift-Assembly.pdf","","exploded_view","Found in parts diagram"
"783575","2416G","2412 Series Lift Assembly","https://sumner.com/wp-content/uploads/sites/14/2025/07/2412-Series-Lift-Assembly.pdf","","exploded_view","Found in parts diagram"
"776055","2412","2412 Series Lift Assembly","https://sumner.com/wp-content/uploads/sites/14/2025/07/2412-Series-Lift-Assembly.pdf","","exploded_view","Found in parts diagram"
"776055","2416","2412 Series Lift Assembly","https://sumner.com/wp-content/uploads/sites/14/2025/07/2412-Series-Lift-Assembly.pdf","","exploded_view","Found in parts diagram"
"776055","2412G","2412 Series Lift Assembly","https://sumner.com/wp-content/uploads/sites/14/2025/07/2412-Series-Lift-Assembly.pdf","","exploded_view","Found in parts diagram"
"776055","2416G","2412 Series Lift Assembly","https://sumner.com/wp-content/uploads/sites/14/2025/07/2412-Series-Lift-Assembly.pdf","","exploded_view","Found in parts diagram"
"784778","2412","2412 Series Lift Assembly","https://sumner.com/wp-content/uploads/sites/14/2025/07/2412-Series-Lift-Assembly.pdf","","exploded_view","Found in parts diagram"
"784778","2416","2412 Series Lift Assembly","https://sumner.com/wp-content/uploads/sites/14/2025/07/2412-Series-Lift-Assembly.pdf","","exploded_view","Found in parts diagram"
"784778","2412G","2412 Series Lift Assembly","https://sumner.com/wp-content/uploads/sites/14/2025/07/2412-Series-Lift-Assembly.pdf","","exploded_view","Found in parts diagram"
"784778","2416G","2412 Series Lift Assembly","https://sumner.com/wp-content/uploads/sites/14/2025/07/2412-Series-Lift-Assembly.pdf","","exploded_view","Found in parts diagram"
"779905","2412","2412 Series Lift Assembly","https://sumner.com/wp-content/uploads/sites/14/2025/07/2412-Series-Lift-Assembly.pdf","","exploded_view","Found in parts diagram"
"779905","2416","2412 Series Lift Assembly","https://sumner.com/wp-content/uploads/sites/14/2025/07/2412-Series-Lift-Assembly.pdf","","exploded_view","Found in parts diagram"
"779905","2412G","2412 Series Lift Assembly","https://sumner.com/wp-content/uploads/sites/14/2025/07/2412-Series-Lift-Assembly.pdf","","exploded_view","Found in parts diagram"
"779905","2416G","2412 Series Lift Assembly","https://sumner.com/wp-content/uploads/sites/14/2025/07/2412-Series-Lift-Assembly.pdf","","exploded_view","Found in parts diagram"
"772358","2412","2412 Series Lift Assembly","https://sumner.com/wp-content/uploads/sites/14/2025/07/2412-Series-Lift-Assembly.pdf","","exploded_view","Found in parts diagram"
"772358","2416","2412 Series Lift Assembly","https://sumner.com/wp-content/uploads/sites/14/2025/07/2412-Series-Lift-Assembly.pdf","","exploded_view","Found in parts diagram"
"772358","2412G","2412 Series Lift Assembly","https://sumner.com/wp-content/uploads/sites/14/2025/07/2412-Series-Lift-Assembly.pdf","","exploded_view","Found in parts diagram"
"772358","2416G","2412 Series Lift Assembly","https://sumner.com/wp-content/uploads/sites/14/2025/07/2412-Series-Lift-Assembly.pdf","","exploded_view","Found in parts diagram"
"771142","2412","2412 Series Lift Assembly","https://sumner.com/wp-content/uploads/sites/14/2025/07/2412-Series-Lift-Assembly.pdf","","exploded_view","Found in parts diagram"
"771142","2416","2412 Series Lift Assembly","https://sumner.com/wp-content/uploads/sites/14/2025/07/2412-Series-Lift-Assembly.pdf","","exploded_view","Found in parts diagram"
"771142","2412G","2412 Series Lift Assembly","https://sumner.com/wp-content/uploads/sites/14/2025/07/2412-Series-Lift-Assembly.pdf","","exploded_view","Found in parts diagram"
"771142","2416G","2412 Series Lift Assembly","https://sumner.com/wp-content/uploads/sites/14/2025/07/2412-Series-Lift-Assembly.pdf","","exploded_view","Found in parts diagram"
"773060","2412","2412 Series Lift Assembly","https://sumner.com/wp-content/uploads/sites/14/2025/07/2412-Series-Lift-Assembly.pdf","","exploded_view","Found in parts diagram"
"773060","2416","2412 Series Lift Assembly","https://sumner.com/wp-content/uploads/sites/14/2025/07/2412-Series-Lift-Assembly.pdf","","exploded_view","Found in parts diagram"
"773060","2412G","2412 Series Lift Assembly","https://sumner.com/wp-content/uploads/sites/14/2025/07/2412-Series-Lift-Assembly.pdf","","exploded_view","Found in parts diagram"
"773060","2416G","2412 Series Lift Assembly","https://sumner.com/wp-content/uploads/sites/14/2025/07/2412-Series-Lift-Assembly.pdf","","exploded_view","Found in parts diagram"
"784795","2412","2412 Series Lift Assembly","https://sumner.com/wp-content/uploads/sites/14/2025/07/2412-Series-Lift-Assembly.pdf","","exploded_view","Found in parts diagram"
"784795","2416","2412 Series Lift Assembly","https://sumner.com/wp-content/uploads/sites/14/2025/07/2412-Series-Lift-Assembly.pdf","","exploded_view","Found in parts diagram"
"784795","2412G","2412 Series Lift Assembly","https://sumner.com/wp-content/uploads/sites/14/2025/07/2412-Series-Lift-Assembly.pdf","","exploded_view","Found in parts diagram"
"784795","2416G","2412 Series Lift Assembly","https://sumner.com/wp-content/uploads/sites/14/2025/07/2412-Series-Lift-Assembly.pdf","","exploded_view","Found in parts diagram"
"771350","2412","2412 Series Lift Assembly","https://sumner.com/wp-content/uploads/sites/14/2025/07/2412-Series-Lift-Assembly.pdf","","exploded_view","Found in parts diagram"
"771350","2416","2412 Series Lift Assembly","https://sumner.com/wp-content/uploads/sites/14/2025/07/2412-Series-Lift-Assembly.pdf","","exploded_view","Found in parts diagram"
"771350","2412G","2412 Series Lift Assembly","https://sumner.com/wp-content/uploads/sites/14/2025/07/2412-Series-Lift-Assembly.pdf","","exploded_view","Found in parts diagram"
"771350","2416G","2412 Series Lift Assembly","https://sumner.com/wp-content/uploads/sites/14/2025/07/2412-Series-Lift-Assembly.pdf","","exploded_view","Found in parts diagram"
"779900","2412","2412 Series Lift Assembly","https://sumner.com/wp-content/uploads/sites/14/2025/07/2412-Series-Lift-Assembly.pdf","","exploded_view","Found in parts diagram"
"779900","2416","2412 Series Lift Assembly","https://sumner.com/wp-content/uploads/sites/14/2025/07/2412-Series-Lift-Assembly.pdf","","exploded_view","Found in parts diagram"
"779900","2412G","2412 Series Lift Assembly","https://sumner.com/wp-content/uploads/sites/14/2025/07/2412-Series-Lift-Assembly.pdf","","exploded_view","Found in parts diagram"
"779900","2416G","2412 Series Lift Assembly","https://sumner.com/wp-content/uploads/sites/14/2025/07/2412-Series-Lift-Assembly.pdf","","exploded_view","Found in parts diagram"
"772350","2412","2412 Series Lift Assembly","https://sumner.com/wp-content/uploads/sites/14/2025/07/2412-Series-Lift-Assembly.pdf","","exploded_view","Found in parts diagram"
"772350","2416","2412 Series Lift Assembly","https://sumner.com/wp-content/uploads/sites/14/2025/07/2412-Series-Lift-Assembly.pdf","","exploded_view","Found in parts diagram"
"772350","2412G","2412 Series Lift Assembly","https://sumner.com/wp-content/uploads/sites/14/2025/07/2412-Series-Lift-Assembly.pdf","","exploded_view","Found in parts diagram"
"772350","2416G","2412 Series Lift Assembly","https://sumner.com/wp-content/uploads/sites/14/2025/07/2412-Series-Lift-Assembly.pdf","","exploded_view","Found in parts diagram"
"772076","2412","2412 Series Lift Assembly","https://sumner.com/wp-content/uploads/sites/14/2025/07/2412-Series-Lift-Assembly.pdf","","exploded_view","Found in parts diagram"
"772076","2416","2412 Series Lift Assembly","https://sumner.com/wp-content/uploads/sites/14/2025/07/2412-Series-Lift-Assembly.pdf","","exploded_view","Found in parts diagram"
"772076","2412G","2412 Series Lift Assembly","https://sumner.com/wp-content/uploads/sites/14/2025/07/2412-Series-Lift-Assembly.pdf","","exploded_view","Found in parts diagram"
"772076","2416G","2412 Series Lift Assembly","https://sumner.com/wp-content/uploads/sites/14/2025/07/2412-Series-Lift-Assembly.pdf","","exploded_view","Found in parts diagram"
"783530","2412","2412 Series Lift Assembly","https://sumner.com/wp-content/uploads/sites/14/2025/07/2412-Series-Lift-Assembly.pdf","","exploded_view","Found in parts diagram"
"783530","2416","2412 Series Lift Assembly","https://sumner.com/wp-content/uploads/sites/14/2025/07/2412-Series-Lift-Assembly.pdf","","exploded_view","Found in parts diagram"
"783530","2412G","2412 Series Lift Assembly","https://sumner.com/wp-content/uploads/sites/14/2025/07/2412-Series-Lift-Assembly.pdf","","exploded_view","Found in parts diagram"
"783530","2416G","2412 Series Lift Assembly","https://sumner.com/wp-content/uploads/sites/14/2025/07/2412-Series-Lift-Assembly.pdf","","exploded_view","Found in parts diagram"
"784841","2412","2412 Series Lift Assembly","https://sumner.com/wp-content/uploads/sites/14/2025/07/2412-Series-Lift-Assembly.pdf","","exploded_view","Found in parts diagram"
"784841","2416","2412 Series Lift Assembly","https://sumner.com/wp-content/uploads/sites/14/2025/07/2412-Series-Lift-Assembly.pdf","","exploded_view","Found in parts diagram"
"784841","2412G","2412 Series Lift Assembly","https://sumner.com/wp-content/uploads/sites/14/2025/07/2412-Series-Lift-Assembly.pdf","","exploded_view","Found in parts diagram"
"784841","2416G","2412 Series Lift Assembly","https://sumner.com/wp-content/uploads/sites/14/2025/07/2412-Series-Lift-Assembly.pdf","","exploded_view","Found in parts diagram"
"783757","2412","2412 Series Lift Assembly","https://sumner.com/wp-content/uploads/sites/14/2025/07/2412-Series-Lift-Assembly.pdf","","exploded_view","Found in parts diagram"
"783757","2416","2412 Series Lift Assembly","https://sumner.com/wp-content/uploads/sites/14/2025/07/2412-Series-Lift-Assembly.pdf","","exploded_view","Found in parts diagram"
"783757","2412G","2412 Series Lift Assembly","https://sumner.com/wp-content/uploads/sites/14/2025/07/2412-Series-Lift-Assembly.pdf","","exploded_view","Found in parts diagram"
"783757","2416G","2412 Series Lift Assembly","https://sumner.com/wp-content/uploads/sites/14/2025/07/2412-Series-Lift-Assembly.pdf","","exploded_view","Found in parts diagram"
"778339","2412","2412 Series Lift Assembly","https://sumner.com/wp-content/uploads/sites/14/2025/07/2412-Series-Lift-Assembly.pdf","","exploded_view","Found in parts diagram"
"778339","2416","2412 Series Lift Assembly","https://sumner.com/wp-content/uploads/sites/14/2025/07/2412-Series-Lift-Assembly.pdf","","exploded_view","Found in parts diagram"
"778339","2412G","2412 Series Lift Assembly","https://sumner.com/wp-content/uploads/sites/14/2025/07/2412-Series-Lift-Assembly.pdf","","exploded_view","Found in parts diagram"
"778339","2416G","2412 Series Lift Assembly","https://sumner.com/wp-content/uploads/sites/14/2025/07/2412-Series-Lift-Assembly.pdf","","exploded_view","Found in parts diagram"
"778347","2412","2412 Series Lift Assembly","https://sumner.com/wp-content/uploads/sites/14/2025/07/2412-Series-Lift-Assembly.pdf","","exploded_view","Found in parts diagram"
"778347","2416","2412 Series Lift Assembly","https://sumner.com/wp-content/uploads/sites/14/2025/07/2412-Series-Lift-Assembly.pdf","","exploded_view","Found in parts diagram"
"778347","2412G","2412 Series Lift Assembly","https://sumner.com/wp-content/uploads/sites/14/2025/07/2412-Series-Lift-Assembly.pdf","","exploded_view","Found in parts diagram"
"778347","2416G","2412 Series Lift Assembly","https://sumner.com/wp-content/uploads/sites/14/2025/07/2412-Series-Lift-Assembly.pdf","","exploded_view","Found in parts diagram"
"778906","2412","2412 Series Lift Assembly","https://sumner.com/wp-content/uploads/sites/14/2025/07/2412-Series-Lift-Assembly.pdf","","exploded_view","Found in parts diagram"
"778906","2416","2412 Series Lift Assembly","https://sumner.com/wp-content/uploads/sites/14/2025/07/2412-Series-Lift-Assembly.pdf","","exploded_view","Found in parts diagram"
"778906","2412G","2412 Series Lift Assembly","https://sumner.com/wp-content/uploads/sites/14/2025/07/2412-Series-Lift-Assembly.pdf","","exploded_view","Found in parts diagram"
"778906","2416G","2412 Series Lift Assembly","https://sumner.com/wp-content/uploads/sites/14/2025/07/2412-Series-Lift-Assembly.pdf","","exploded_view","Found in parts diagram"
"778461","2412","2412 Series Lift Assembly","https://sumner.com/wp-content/uploads/sites/14/2025/07/2412-Series-Lift-Assembly.pdf","","exploded_view","Found in parts diagram"
"778461","2416","2412 Series Lift Assembly","https://sumner.com/wp-content/uploads/sites/14/2025/07/2412-Series-Lift-Assembly.pdf","","exploded_view","Found in parts diagram"
"778461","2412G","2412 Series Lift Assembly","https://sumner.com/wp-content/uploads/sites/14/2025/07/2412-Series-Lift-Assembly.pdf","","exploded_view","Found in parts diagram"
"778461","2416G","2412 Series Lift Assembly","https://sumner.com/wp-content/uploads/sites/14/2025/07/2412-Series-Lift-Assembly.pdf","","exploded_view","Found in parts diagram"
"778346","2412","2412 Series Lift Assembly","https://sumner.com/wp-content/uploads/sites/14/2025/07/2412-Series-Lift-Assembly.pdf","","exploded_view","Found in parts diagram"
"778346","2416","2412 Series Lift Assembly","https://sumner.com/wp-content/uploads/sites/14/2025/07/2412-Series-Lift-Assembly.pdf","","exploded_view","Found in parts diagram"
"778346","2412G","2412 Series Lift Assembly","https://sumner.com/wp-content/uploads/sites/14/2025/07/2412-Series-Lift-Assembly.pdf","","exploded_view","Found in parts diagram"
"778346","2416G","2412 Series Lift Assembly","https://sumner.com/wp-content/uploads/sites/14/2025/07/2412-Series-Lift-Assembly.pdf","","exploded_view","Found in parts diagram"
"783533","2615","Series 2600 Lift Assembly Exploded Diagram","https://sumner.com/wp-content/uploads/sites/14/2025/07/Series-2600-Lift-Assembly-Exploded-Diagram.pdf","","exploded_view","Found in parts diagram"
"783582","2615","Series 2600 Lift Assembly Exploded Diagram","https://sumner.com/wp-content/uploads/sites/14/2025/07/Series-2600-Lift-Assembly-Exploded-Diagram.pdf","","exploded_view","Found in parts diagram"
"780820","2615","Series 2600 Lift Assembly Exploded Diagram","https://sumner.com/wp-content/uploads/sites/14/2025/07/Series-2600-Lift-Assembly-Exploded-Diagram.pdf","","exploded_view","Found in parts diagram"
"780819","2615","Series 2600 Lift Assembly Exploded Diagram","https://sumner.com/wp-content/uploads/sites/14/2025/07/Series-2600-Lift-Assembly-Exploded-Diagram.pdf","","exploded_view","Found in parts diagram"
"783935","2615","Series 2600 Lift Assembly Exploded Diagram","https://sumner.com/wp-content/uploads/sites/14/2025/07/Series-2600-Lift-Assembly-Exploded-Diagram.pdf","","exploded_view","Found in parts diagram"
"783575","2615","Series 2600 Lift Assembly Exploded Diagram","https://sumner.com/wp-content/uploads/sites/14/2025/07/Series-2600-Lift-Assembly-Exploded-Diagram.pdf","","exploded_view","Found in parts diagram"
"783916","2615","Series 2600 Lift Assembly Exploded Diagram","https://sumner.com/wp-content/uploads/sites/14/2025/07/Series-2600-Lift-Assembly-Exploded-Diagram.pdf","","exploded_view","Found in parts diagram"
"783918","2615","Series 2600 Lift Assembly Exploded Diagram","https://sumner.com/wp-content/uploads/sites/14/2025/07/Series-2600-Lift-Assembly-Exploded-Diagram.pdf","","exploded_view","Found in parts diagram"
"776055","2615","Series 2600 Lift Assembly Exploded Diagram","https://sumner.com/wp-content/uploads/sites/14/2025/07/Series-2600-Lift-Assembly-Exploded-Diagram.pdf","","exploded_view","Found in parts diagram"
"783040","2615","Series 2600 Lift Assembly Exploded Diagram","https://sumner.com/wp-content/uploads/sites/14/2025/07/Series-2600-Lift-Assembly-Exploded-Diagram.pdf","","exploded_view","Found in parts diagram"
"783551","2615","Series 2600 Lift Assembly Exploded Diagram","https://sumner.com/wp-content/uploads/sites/14/2025/07/Series-2600-Lift-Assembly-Exploded-Diagram.pdf","","exploded_view","Found in parts diagram"
"783886","2615","Series 2600 Lift Assembly Exploded Diagram","https://sumner.com/wp-content/uploads/sites/14/2025/07/Series-2600-Lift-Assembly-Exploded-Diagram.pdf","","exploded_view","Found in parts diagram"
"783834","2615","Series 2600 Lift Assembly Exploded Diagram","https://sumner.com/wp-content/uploads/sites/14/2025/07/Series-2600-Lift-Assembly-Exploded-Diagram.pdf","","exploded_view","Found in parts diagram"
"782910","2615","Series 2600 Lift Assembly Exploded Diagram","https://sumner.com/wp-content/uploads/sites/14/2025/07/Series-2600-Lift-Assembly-Exploded-Diagram.pdf","","exploded_view","Found in parts diagram"
"771248","2615","Series 2600 Lift Assembly Exploded Diagram","https://sumner.com/wp-content/uploads/sites/14/2025/07/Series-2600-Lift-Assembly-Exploded-Diagram.pdf","","exploded_view","Found in parts diagram"
"771060","2615","Series 2600 Lift Assembly Exploded Diagram","https://sumner.com/wp-content/uploads/sites/14/2025/07/Series-2600-Lift-Assembly-Exploded-Diagram.pdf","","exploded_view","Found in parts diagram"
"771257","2615","Series 2600 Lift Assembly Exploded Diagram","https://sumner.com/wp-content/uploads/sites/14/2025/07/Series-2600-Lift-Assembly-Exploded-Diagram.pdf","","exploded_view","Found in parts diagram"
"771252","2615","Series 2600 Lift Assembly Exploded Diagram","https://sumner.com/wp-content/uploads/sites/14/2025/07/Series-2600-Lift-Assembly-Exploded-Diagram.pdf","","exploded_view","Found in parts diagram"
"772355","2615","Series 2600 Lift Assembly Exploded Diagram","https://sumner.com/wp-content/uploads/sites/14/2025/07/Series-2600-Lift-Assembly-Exploded-Diagram.pdf","","exploded_view","Found in parts diagram"
"772358","2615","Series 2600 Lift Assembly Exploded Diagram","https://sumner.com/wp-content/uploads/sites/14/2025/07/Series-2600-Lift-Assembly-Exploded-Diagram.pdf","","exploded_view","Found in parts diagram"
"773094","2615","Series 2600 Lift Assembly Exploded Diagram","https://sumner.com/wp-content/uploads/sites/14/2025/07/Series-2600-Lift-Assembly-Exploded-Diagram.pdf","","exploded_view","Found in parts diagram"
"771107","2615","Series 2600 Lift Assembly Exploded Diagram","https://sumner.com/wp-content/uploads/sites/14/2025/07/Series-2600-Lift-Assembly-Exploded-Diagram.pdf","","exploded_view","Found in parts diagram"
"783552","2615","Series 2600 Lift Assembly Exploded Diagram","https://sumner.com/wp-content/uploads/sites/14/2025/07/Series-2600-Lift-Assembly-Exploded-Diagram.pdf","","exploded_view","Found in parts diagram"
"773040","2615","Series 2600 Lift Assembly Exploded Diagram","https://sumner.com/wp-content/uploads/sites/14/2025/07/Series-2600-Lift-Assembly-Exploded-Diagram.pdf","","exploded_view","Found in parts diagram"
"774053","2615","Series 2600 Lift Assembly Exploded Diagram","https://sumner.com/wp-content/uploads/sites/14/2025/07/Series-2600-Lift-Assembly-Exploded-Diagram.pdf","","exploded_view","Found in parts diagram"
"786585","2615","Series 2600 Lift Assembly Exploded Diagram","https://sumner.com/wp-content/uploads/sites/14/2025/07/Series-2600-Lift-Assembly-Exploded-Diagram.pdf","","exploded_view","Found in parts diagram"
"779012","2615","Series 2600 Lift Assembly Exploded Diagram","https://sumner.com/wp-content/uploads/sites/14/2025/07/Series-2600-Lift-Assembly-Exploded-Diagram.pdf","","exploded_view","Found in parts diagram"
"783620","2615","Series 2600 Lift Assembly Exploded Diagram","https://sumner.com/wp-content/uploads/sites/14/2025/07/Series-2600-Lift-Assembly-Exploded-Diagram.pdf","","exploded_view","Found in parts diagram"
"783489","2615","Series 2600 Lift Assembly Exploded Diagram","https://sumner.com/wp-content/uploads/sites/14/2025/07/Series-2600-Lift-Assembly-Exploded-Diagram.pdf","","exploded_view","Found in parts diagram"
"783536","2615","Series 2600 Lift Assembly Exploded Diagram","https://sumner.com/wp-content/uploads/sites/14/2025/07/Series-2600-Lift-Assembly-Exploded-Diagram.pdf","","exploded_view","Found in parts diagram"
"783921","2615","Series 2600 Lift Assembly Exploded Diagram","https://sumner.com/wp-content/uploads/sites/14/2025/07/Series-2600-Lift-Assembly-Exploded-Diagram.pdf","","exploded_view","Found in parts diagram"
"773060","2615","Series 2600 Lift Assembly Exploded Diagram","https://sumner.com/wp-content/uploads/sites/14/2025/07/Series-2600-Lift-Assembly-Exploded-Diagram.pdf","","exploded_view","Found in parts diagram"
"773022","2615","Series 2600 Lift Assembly Exploded Diagram","https://sumner.com/wp-content/uploads/sites/14/2025/07/Series-2600-Lift-Assembly-Exploded-Diagram.pdf","","exploded_view","Found in parts diagram"
"783694","2615","Series 2600 Lift Assembly Exploded Diagram","https://sumner.com/wp-content/uploads/sites/14/2025/07/Series-2600-Lift-Assembly-Exploded-Diagram.pdf","","exploded_view","Found in parts diagram"
"783484","2615","Series 2600 Lift Assembly Exploded Diagram","https://sumner.com/wp-content/uploads/sites/14/2025/07/Series-2600-Lift-Assembly-Exploded-Diagram.pdf","","exploded_view","Found in parts diagram"
"779070","2615","Series 2600 Lift Assembly Exploded Diagram","https://sumner.com/wp-content/uploads/sites/14/2025/07/Series-2600-Lift-Assembly-Exploded-Diagram.pdf","","exploded_view","Found in parts diagram"
"772350","2615","Series 2600 Lift Assembly Exploded Diagram","https://sumner.com/wp-content/uploads/sites/14/2025/07/Series-2600-Lift-Assembly-Exploded-Diagram.pdf","","exploded_view","Found in parts diagram"
"771258","2615","Series 2600 Lift Assembly Exploded Diagram","https://sumner.com/wp-content/uploads/sites/14/2025/07/Series-2600-Lift-Assembly-Exploded-Diagram.pdf","","exploded_view","Found in parts diagram"
"772505","2615","Series 2600 Lift Assembly Exploded Diagram","https://sumner.com/wp-content/uploads/sites/14/2025/07/Series-2600-Lift-Assembly-Exploded-Diagram.pdf","","exploded_view","Found in parts diagram"
"771350","2615","Series 2600 Lift Assembly Exploded Diagram","https://sumner.com/wp-content/uploads/sites/14/2025/07/Series-2600-Lift-Assembly-Exploded-Diagram.pdf","","exploded_view","Found in parts diagram"
"783540","2615","Series 2600 Lift Assembly Exploded Diagram","https://sumner.com/wp-content/uploads/sites/14/2025/07/Series-2600-Lift-Assembly-Exploded-Diagram.pdf","","exploded_view","Found in parts diagram"
"772357","2615","Series 2600 Lift Assembly Exploded Diagram","https://sumner.com/wp-content/uploads/sites/14/2025/07/Series-2600-Lift-Assembly-Exploded-Diagram.pdf","","exploded_view","Found in parts diagram"
"772800","2615","Series 2600 Lift Assembly Exploded Diagram","https://sumner.com/wp-content/uploads/sites/14/2025/07/Series-2600-Lift-Assembly-Exploded-Diagram.pdf","","exploded_view","Found in parts diagram"
"783478","2615","Series 2600 Lift Assembly Exploded Diagram","https://sumner.com/wp-content/uploads/sites/14/2025/07/Series-2600-Lift-Assembly-Exploded-Diagram.pdf","","exploded_view","Found in parts diagram"
"783534","2615","Series 2600 Lift Assembly Exploded Diagram","https://sumner.com/wp-content/uploads/sites/14/2025/07/Series-2600-Lift-Assembly-Exploded-Diagram.pdf","","exploded_view","Found in parts diagram"
"783881","2615","Series 2600 Lift Assembly Exploded Diagram","https://sumner.com/wp-content/uploads/sites/14/2025/07/Series-2600-Lift-Assembly-Exploded-Diagram.pdf","","exploded_view","Found in parts diagram"
"783529","2615","Series 2600 Lift Assembly Exploded Diagram","https://sumner.com/wp-content/uploads/sites/14/2025/07/Series-2600-Lift-Assembly-Exploded-Diagram.pdf","","exploded_view","Found in parts diagram"
"783530","2615","Series 2600 Lift Assembly Exploded Diagram","https://sumner.com/wp-content/uploads/sites/14/2025/07/Series-2600-Lift-Assembly-Exploded-Diagram.pdf","","exploded_view","Found in parts diagram"
"779900","2615","Series 2600 Lift Assembly Exploded Diagram","https://sumner.com/wp-content/uploads/sites/14/2025/07/Series-2600-Lift-Assembly-Exploded-Diagram.pdf","","exploded_view","Found in parts diagram"
"772076","2615","Series 2600 Lift Assembly Exploded Diagram","https://sumner.com/wp-content/uploads/sites/14/2025/07/Series-2600-Lift-Assembly-Exploded-Diagram.pdf","","exploded_view","Found in parts diagram"
"773042","2615","Series 2600 Lift Assembly Exploded Diagram","https://sumner.com/wp-content/uploads/sites/14/2025/07/Series-2600-Lift-Assembly-Exploded-Diagram.pdf","","exploded_view","Found in parts diagram"
"783746","2615","Series 2600 Lift Assembly Exploded Diagram","https://sumner.com/wp-content/uploads/sites/14/2025/07/Series-2600-Lift-Assembly-Exploded-Diagram.pdf","","exploded_view","Found in parts diagram"
"779905","2615","Series 2600 Lift Assembly Exploded Diagram","https://sumner.com/wp-content/uploads/sites/14/2025/07/Series-2600-Lift-Assembly-Exploded-Diagram.pdf","","exploded_view","Found in parts diagram"
"771146","2615","Series 2600 Lift Assembly Exploded Diagram","https://sumner.com/wp-content/uploads/sites/14/2025/07/Series-2600-Lift-Assembly-Exploded-Diagram.pdf","","exploded_view","Found in parts diagram"
"772503","2615","Series 2600 Lift Assembly Exploded Diagram","https://sumner.com/wp-content/uploads/sites/14/2025/07/Series-2600-Lift-Assembly-Exploded-Diagram.pdf","","exploded_view","Found in parts diagram"
"783940","2615","Series 2600 Lift Assembly Exploded Diagram","https://sumner.com/wp-content/uploads/sites/14/2025/07/Series-2600-Lift-Assembly-Exploded-Diagram.pdf","","exploded_view","Found in parts diagram"
"774080","2615","Series 2600 Lift Assembly Exploded Diagram","https://sumner.com/wp-content/uploads/sites/14/2025/07/Series-2600-Lift-Assembly-Exploded-Diagram.pdf","","exploded_view","Found in parts diagram"
"779002","2615","Series 2600 Lift Assembly Exploded Diagram","https://sumner.com/wp-content/uploads/sites/14/2025/07/Series-2600-Lift-Assembly-Exploded-Diagram.pdf","","exploded_view","Found in parts diagram"
"773590","2615","Series 2600 Lift Assembly Exploded Diagram","https://sumner.com/wp-content/uploads/sites/14/2025/07/Series-2600-Lift-Assembly-Exploded-Diagram.pdf","","exploded_view","Found in parts diagram"
"772801","2615","Series 2600 Lift Assembly Exploded Diagram","https://sumner.com/wp-content/uploads/sites/14/2025/07/Series-2600-Lift-Assembly-Exploded-Diagram.pdf","","exploded_view","Found in parts diagram"
"771142","2615","Series 2600 Lift Assembly Exploded Diagram","https://sumner.com/wp-content/uploads/sites/14/2025/07/Series-2600-Lift-Assembly-Exploded-Diagram.pdf","","exploded_view","Found in parts diagram"
"771090","2615","Series 2600 Lift Assembly Exploded Diagram","https://sumner.com/wp-content/uploads/sites/14/2025/07/Series-2600-Lift-Assembly-Exploded-Diagram.pdf","","exploded_view","Found in parts diagram"
"778352","2615","Series 2600 Lift Assembly Exploded Diagram","https://sumner.com/wp-content/uploads/sites/14/2025/07/Series-2600-Lift-Assembly-Exploded-Diagram.pdf","","exploded_view","Found in parts diagram"
"778348","2615","Series 2600 Lift Assembly Exploded Diagram","https://sumner.com/wp-content/uploads/sites/14/2025/07/Series-2600-Lift-Assembly-Exploded-Diagram.pdf","","exploded_view","Found in parts diagram"
"773091","2615","Series 2600 Lift Assembly Exploded Diagram","https://sumner.com/wp-content/uploads/sites/14/2025/07/Series-2600-Lift-Assembly-Exploded-Diagram.pdf","","exploded_view","Found in parts diagram"
"783528","2615","Series 2600 Lift Assembly Exploded Diagram","https://sumner.com/wp-content/uploads/sites/14/2025/07/Series-2600-Lift-Assembly-Exploded-Diagram.pdf","","exploded_view","Found in parts diagram"
"783938","2615","Series 2600 Lift Assembly Exploded Diagram","https://sumner.com/wp-content/uploads/sites/14/2025/07/Series-2600-Lift-Assembly-Exploded-Diagram.pdf","","exploded_view","Found in parts diagram"
"783589","2615","Series 2600 Lift Assembly Exploded Diagram","https://sumner.com/wp-content/uploads/sites/14/2025/07/Series-2600-Lift-Assembly-Exploded-Diagram.pdf","","exploded_view","Found in parts diagram"
"774092","2615","Series 2600 Lift Assembly Exploded Diagram","https://sumner.com/wp-content/uploads/sites/14/2025/07/Series-2600-Lift-Assembly-Exploded-Diagram.pdf","","exploded_view","Found in parts diagram"
"778349","2615","Series 2600 Lift Assembly Exploded Diagram","https://sumner.com/wp-content/uploads/sites/14/2025/07/Series-2600-Lift-Assembly-Exploded-Diagram.pdf","","exploded_view","Found in parts diagram"
"779011","2615","Series 2600 Lift Assembly Exploded Diagram","https://sumner.com/wp-content/uploads/sites/14/2025/07/Series-2600-Lift-Assembly-Exploded-Diagram.pdf","","exploded_view","Found in parts diagram"
"782544","2615","Series 2600 Lift Assembly Exploded Diagram","https://sumner.com/wp-content/uploads/sites/14/2025/07/Series-2600-Lift-Assembly-Exploded-Diagram.pdf","","exploded_view","Found in parts diagram"
"774054","2615","Series 2600 Lift Assembly Exploded Diagram","https://sumner.com/wp-content/uploads/sites/14/2025/07/Series-2600-Lift-Assembly-Exploded-Diagram.pdf","","exploded_view","Found in parts diagram"
"773051","2615","Series 2600 Lift Assembly Exploded Diagram","https://sumner.com/wp-content/uploads/sites/14/2025/07/Series-2600-Lift-Assembly-Exploded-Diagram.pdf","","exploded_view","Found in parts diagram"
"783581","2615","Series 2600 Lift Assembly Exploded Diagram","https://sumner.com/wp-content/uploads/sites/14/2025/07/Series-2600-Lift-Assembly-Exploded-Diagram.pdf","","exploded_view","Found in parts diagram"
"780025","2615","Series 2600 Lift Assembly Exploded Diagram","https://sumner.com/wp-content/uploads/sites/14/2025/07/Series-2600-Lift-Assembly-Exploded-Diagram.pdf","","exploded_view","Found in parts diagram"
"782960","2615","Series 2600 Lift Assembly Exploded Diagram","https://sumner.com/wp-content/uploads/sites/14/2025/07/Series-2600-Lift-Assembly-Exploded-Diagram.pdf","","exploded_view","Found in parts diagram"
"771120","2615","Series 2600 Lift Assembly Exploded Diagram","https://sumner.com/wp-content/uploads/sites/14/2025/07/Series-2600-Lift-Assembly-Exploded-Diagram.pdf","","exploded_view","Found in parts diagram"
"783650","2615","Series 2600 Lift Assembly Exploded Diagram","https://sumner.com/wp-content/uploads/sites/14/2025/07/Series-2600-Lift-Assembly-Exploded-Diagram.pdf","","exploded_view","Found in parts diagram"
"783651","2615","Series 2600 Lift Assembly Exploded Diagram","https://sumner.com/wp-content/uploads/sites/14/2025/07/Series-2600-Lift-Assembly-Exploded-Diagram.pdf","","exploded_view","Found in parts diagram"
"783652","2615","Series 2600 Lift Assembly Exploded Diagram","https://sumner.com/wp-content/uploads/sites/14/2025/07/Series-2600-Lift-Assembly-Exploded-Diagram.pdf","","exploded_view","Found in parts diagram"
"783700","2615","Series 2600 Lift Assembly Exploded Diagram","https://sumner.com/wp-content/uploads/sites/14/2025/07/Series-2600-Lift-Assembly-Exploded-Diagram.pdf","","exploded_view","Found in parts diagram"
"783701","2615","Series 2600 Lift Assembly Exploded Diagram","https://sumner.com/wp-content/uploads/sites/14/2025/07/Series-2600-Lift-Assembly-Exploded-Diagram.pdf","","exploded_view","Found in parts diagram"
"783702","2615","Series 2600 Lift Assembly Exploded Diagram","https://sumner.com/wp-content/uploads/sites/14/2025/07/Series-2600-Lift-Assembly-Exploded-Diagram.pdf","","exploded_view","Found in parts diagram"
"783703","2615","Series 2600 Lift Assembly Exploded Diagram","https://sumner.com/wp-content/uploads/sites/14/2025/07/Series-2600-Lift-Assembly-Exploded-Diagram.pdf","","exploded_view","Found in parts diagram"
"780251","2615","Series 2600 Lift Assembly Exploded Diagram","https://sumner.com/wp-content/uploads/sites/14/2025/07/Series-2600-Lift-Assembly-Exploded-Diagram.pdf","","exploded_view","Found in parts diagram"
"780202","2615","Series 2600 Lift Assembly Exploded Diagram","https://sumner.com/wp-content/uploads/sites/14/2025/07/Series-2600-Lift-Assembly-Exploded-Diagram.pdf","","exploded_view","Found in parts diagram"
"780204","2615","Series 2600 Lift Assembly Exploded Diagram","https://sumner.com/wp-content/uploads/sites/14/2025/07/Series-2600-Lift-Assembly-Exploded-Diagram.pdf","","exploded_view","Found in parts diagram"
"780207","2615","Series 2600 Lift Assembly Exploded Diagram","https://sumner.com/wp-content/uploads/sites/14/2025/07/Series-2600-Lift-Assembly-Exploded-Diagram.pdf","","exploded_view","Found in parts diagram"
"785393","2615","Series 2600 Lift Assembly Exploded Diagram","https://sumner.com/wp-content/uploads/sites/14/2025/07/Series-2600-Lift-Assembly-Exploded-Diagram.pdf","","exploded_view","Found in parts diagram"
"780212","2615","Series 2600 Lift Assembly Exploded Diagram","https://sumner.com/wp-content/uploads/sites/14/2025/07/Series-2600-Lift-Assembly-Exploded-Diagram.pdf","","exploded_view","Found in parts diagram"
"784498","2615","Series 2600 Lift Assembly Exploded Diagram","https://sumner.com/wp-content/uploads/sites/14/2025/07/Series-2600-Lift-Assembly-Exploded-Diagram.pdf","","exploded_view","Found in parts diagram"
"780214","2615","Series 2600 Lift Assembly Exploded Diagram","https://sumner.com/wp-content/uploads/sites/14/2025/07/Series-2600-Lift-Assembly-Exploded-Diagram.pdf","","exploded_view","Found in parts diagram"
"780217","2615","Series 2600 Lift Assembly Exploded Diagram","https://sumner.com/wp-content/uploads/sites/14/2025/07/Series-2600-Lift-Assembly-Exploded-Diagram.pdf","","exploded_view","Found in parts diagram"
"780221","2615","Series 2600 Lift Assembly Exploded Diagram","https://sumner.com/wp-content/uploads/sites/14/2025/07/Series-2600-Lift-Assembly-Exploded-Diagram.pdf","","exploded_view","Found in parts diagram"
"780225","2615","Series 2600 Lift Assembly Exploded Diagram","https://sumner.com/wp-content/uploads/sites/14/2025/07/Series-2600-Lift-Assembly-Exploded-Diagram.pdf","","exploded_view","Found in parts diagram"
"783621","2615","Series 2600 Lift Assembly Exploded Diagram","https://sumner.com/wp-content/uploads/sites/14/2025/07/Series-2600-Lift-Assembly-Exploded-Diagram.pdf","","exploded_view","Found in parts diagram"
"780612","2615","Series 2600 Lift Assembly Exploded Diagram","https://sumner.com/wp-content/uploads/sites/14/2025/07/Series-2600-Lift-Assembly-Exploded-Diagram.pdf","","exploded_view","Found in parts diagram"
"772502","2615","Series 2600 Lift Assembly Exploded Diagram","https://sumner.com/wp-content/uploads/sites/14/2025/07/Series-2600-Lift-Assembly-Exploded-Diagram.pdf","","exploded_view","Found in parts diagram"
"772375","2615","Series 2600 Lift Assembly Exploded Diagram","https://sumner.com/wp-content/uploads/sites/14/2025/07/Series-2600-Lift-Assembly-Exploded-Diagram.pdf","","exploded_view","Found in parts diagram"
"771051","2615","Series 2600 Lift Assembly Exploded Diagram","https://sumner.com/wp-content/uploads/sites/14/2025/07/Series-2600-Lift-Assembly-Exploded-Diagram.pdf","","exploded_view","Found in parts diagram"
"771286","2615","Series 2600 Lift Assembly Exploded Diagram","https://sumner.com/wp-content/uploads/sites/14/2025/07/Series-2600-Lift-Assembly-Exploded-Diagram.pdf","","exploded_view","Found in parts diagram"
"771290","2615","Series 2600 Lift Assembly Exploded Diagram","https://sumner.com/wp-content/uploads/sites/14/2025/07/Series-2600-Lift-Assembly-Exploded-Diagram.pdf","","exploded_view","Found in parts diagram"
"785398","2615","Series 2600 Lift Assembly Exploded Diagram","https://sumner.com/wp-content/uploads/sites/14/2025/07/Series-2600-Lift-Assembly-Exploded-Diagram.pdf","","exploded_view","Found in parts diagram"
"785075","GH2T-8x8","2 Ton Gantry Assembly Exploded Diagram","https://sumner.com/wp-content/uploads/sites/14/2025/07/2-Ton-Gantry-Assembly-Exploded-Diagram.pdf","","exploded_view","Found in parts diagram"
"785075","GH2T-10x10","2 Ton Gantry Assembly Exploded Diagram","https://sumner.com/wp-content/uploads/sites/14/2025/07/2-Ton-Gantry-Assembly-Exploded-Diagram.pdf","","exploded_view","Found in parts diagram"
"785075","GH2T-12x12","2 Ton Gantry Assembly Exploded Diagram","https://sumner.com/wp-content/uploads/sites/14/2025/07/2-Ton-Gantry-Assembly-Exploded-Diagram.pdf","","exploded_view","Found in parts diagram"
"785075","GH2T-15x15","2 Ton Gantry Assembly Exploded Diagram","https://sumner.com/wp-content/uploads/sites/14/2025/07/2-Ton-Gantry-Assembly-Exploded-Diagram.pdf","","exploded_view","Found in parts diagram"
"785076","GH2T-8x8","2 Ton Gantry Assembly Exploded Diagram","https://sumner.com/wp-content/uploads/sites/14/2025/07/2-Ton-Gantry-Assembly-Exploded-Diagram.pdf","","exploded_view","Found in parts diagram"
"785076","GH2T-10x10","2 Ton Gantry Assembly Exploded Diagram","https://sumner.com/wp-content/uploads/sites/14/2025/07/2-Ton-Gantry-Assembly-Exploded-Diagram.pdf","","exploded_view","Found in parts diagram"
"785076","GH2T-12x12","2 Ton Gantry Assembly Exploded Diagram","https://sumner.com/wp-content/uploads/sites/14/2025/07/2-Ton-Gantry-Assembly-Exploded-Diagram.pdf","","exploded_view","Found in parts diagram"
"785076","GH2T-15x15","2 Ton Gantry Assembly Exploded Diagram","https://sumner.com/wp-content/uploads/sites/14/2025/07/2-Ton-Gantry-Assembly-Exploded-Diagram.pdf","","exploded_view","Found in parts diagram"
"785074","GH2T-8x8","2 Ton Gantry Assembly Exploded Diagram","https://sumner.com/wp-content/uploads/sites/14/2025/07/2-Ton-Gantry-Assembly-Exploded-Diagram.pdf","","exploded_view","Found in parts diagram"
"785074","GH2T-10x10","2 Ton Gantry Assembly Exploded Diagram","https://sumner.com/wp-content/uploads/sites/14/2025/07/2-Ton-Gantry-Assembly-Exploded-Diagram.pdf","","exploded_view","Found in parts diagram"
"785074","GH2T-12x12","2 Ton Gantry Assembly Exploded Diagram","https://sumner.com/wp-content/uploads/sites/14/2025/07/2-Ton-Gantry-Assembly-Exploded-Diagram.pdf","","exploded_view","Found in parts diagram"
"785074","GH2T-15x15","2 Ton Gantry Assembly Exploded Diagram","https://sumner.com/wp-content/uploads/sites/14/2025/07/2-Ton-Gantry-Assembly-Exploded-Diagram.pdf","","exploded_view","Found in parts diagram"
"785073","GH2T-8x8","2 Ton Gantry Assembly Exploded Diagram","https://sumner.com/wp-content/uploads/sites/14/2025/07/2-Ton-Gantry-Assembly-Exploded-Diagram.pdf","","exploded_view","Found in parts diagram"
"785073","GH2T-10x10","2 Ton Gantry Assembly Exploded Diagram","https://sumner.com/wp-content/uploads/sites/14/2025/07/2-Ton-Gantry-Assembly-Exploded-Diagram.pdf","","exploded_view","Found in parts diagram"
"785073","GH2T-12x12","2 Ton Gantry Assembly Exploded Diagram","https://sumner.com/wp-content/uploads/sites/14/2025/07/2-Ton-Gantry-Assembly-Exploded-Diagram.pdf","","exploded_view","Found in parts diagram"
"785073","GH2T-15x15","2 Ton Gantry Assembly Exploded Diagram","https://sumner.com/wp-content/uploads/sites/14/2025/07/2-Ton-Gantry-Assembly-Exploded-Diagram.pdf","","exploded_view","Found in parts diagram"
"785170","GH2T-8x8","2 Ton Gantry Assembly Exploded Diagram","https://sumner.com/wp-content/uploads/sites/14/2025/07/2-Ton-Gantry-Assembly-Exploded-Diagram.pdf","","exploded_view","Found in parts diagram"
"785170","GH2T-10x10","2 Ton Gantry Assembly Exploded Diagram","https://sumner.com/wp-content/uploads/sites/14/2025/07/2-Ton-Gantry-Assembly-Exploded-Diagram.pdf","","exploded_view","Found in parts diagram"
"785170","GH2T-12x12","2 Ton Gantry Assembly Exploded Diagram","https://sumner.com/wp-content/uploads/sites/14/2025/07/2-Ton-Gantry-Assembly-Exploded-Diagram.pdf","","exploded_view","Found in parts diagram"
"785170","GH2T-15x15","2 Ton Gantry Assembly Exploded Diagram","https://sumner.com/wp-content/uploads/sites/14/2025/07/2-Ton-Gantry-Assembly-Exploded-Diagram.pdf","","exploded_view","Found in parts diagram"
"785175","GH2T-8x8","2 Ton Gantry Assembly Exploded Diagram","https://sumner.com/wp-content/uploads/sites/14/2025/07/2-Ton-Gantry-Assembly-Exploded-Diagram.pdf","","exploded_view","Found in parts diagram"
"785175","GH2T-10x10","2 Ton Gantry Assembly Exploded Diagram","https://sumner.com/wp-content/uploads/sites/14/2025/07/2-Ton-Gantry-Assembly-Exploded-Diagram.pdf","","exploded_view","Found in parts diagram"
"785175","GH2T-12x12","2 Ton Gantry Assembly Exploded Diagram","https://sumner.com/wp-content/uploads/sites/14/2025/07/2-Ton-Gantry-Assembly-Exploded-Diagram.pdf","","exploded_view","Found in parts diagram"
"785175","GH2T-15x15","2 Ton Gantry Assembly Exploded Diagram","https://sumner.com/wp-content/uploads/sites/14/2025/07/2-Ton-Gantry-Assembly-Exploded-Diagram.pdf","","exploded_view","Found in parts diagram"
"776019","GH2T-8x8","2 Ton Gantry Assembly Exploded Diagram","https://sumner.com/wp-content/uploads/sites/14/2025/07/2-Ton-Gantry-Assembly-Exploded-Diagram.pdf","","exploded_view","Found in parts diagram"
"776019","GH2T-10x10","2 Ton Gantry Assembly Exploded Diagram","https://sumner.com/wp-content/uploads/sites/14/2025/07/2-Ton-Gantry-Assembly-Exploded-Diagram.pdf","","exploded_view","Found in parts diagram"
"776019","GH2T-12x12","2 Ton Gantry Assembly Exploded Diagram","https://sumner.com/wp-content/uploads/sites/14/2025/07/2-Ton-Gantry-Assembly-Exploded-Diagram.pdf","","exploded_view","Found in parts diagram"
"776019","GH2T-15x15","2 Ton Gantry Assembly Exploded Diagram","https://sumner.com/wp-content/uploads/sites/14/2025/07/2-Ton-Gantry-Assembly-Exploded-Diagram.pdf","","exploded_view","Found in parts diagram"
"785106","GH2T-8x8","2 Ton Gantry Assembly Exploded Diagram","https://sumner.com/wp-content/uploads/sites/14/2025/07/2-Ton-Gantry-Assembly-Exploded-Diagram.pdf","","exploded_view","Found in parts diagram"
"785106","GH2T-10x10","2 Ton Gantry Assembly Exploded Diagram","https://sumner.com/wp-content/uploads/sites/14/2025/07/2-Ton-Gantry-Assembly-Exploded-Diagram.pdf","","exploded_view","Found in parts diagram"
"785106","GH2T-12x12","2 Ton Gantry Assembly Exploded Diagram","https://sumner.com/wp-content/uploads/sites/14/2025/07/2-Ton-Gantry-Assembly-Exploded-Diagram.pdf","","exploded_view","Found in parts diagram"
"785106","GH2T-15x15","2 Ton Gantry Assembly Exploded Diagram","https://sumner.com/wp-content/uploads/sites/14/2025/07/2-Ton-Gantry-Assembly-Exploded-Diagram.pdf","","exploded_view","Found in parts diagram"
"785160","GH2T-8x8","2 Ton Gantry Assembly Exploded Diagram","https://sumner.com/wp-content/uploads/sites/14/2025/07/2-Ton-Gantry-Assembly-Exploded-Diagram.pdf","","exploded_view","Found in parts diagram"
"785160","GH2T-10x10","2 Ton Gantry Assembly Exploded Diagram","https://sumner.com/wp-content/uploads/sites/14/2025/07/2-Ton-Gantry-Assembly-Exploded-Diagram.pdf","","exploded_view","Found in parts diagram"
"785160","GH2T-12x12","2 Ton Gantry Assembly Exploded Diagram","https://sumner.com/wp-content/uploads/sites/14/2025/07/2-Ton-Gantry-Assembly-Exploded-Diagram.pdf","","exploded_view","Found in parts diagram"
"785160","GH2T-15x15","2 Ton Gantry Assembly Exploded Diagram","https://sumner.com/wp-content/uploads/sites/14/2025/07/2-Ton-Gantry-Assembly-Exploded-Diagram.pdf","","exploded_view","Found in parts diagram"
"779215","GH2T-8x8","2 Ton Gantry Assembly Exploded Diagram","https://sumner.com/wp-content/uploads/sites/14/2025/07/2-Ton-Gantry-Assembly-Exploded-Diagram.pdf","","exploded_view","Found in parts diagram"
"779215","GH2T-10x10","2 Ton Gantry Assembly Exploded Diagram","https://sumner.com/wp-content/uploads/sites/14/2025/07/2-Ton-Gantry-Assembly-Exploded-Diagram.pdf","","exploded_view","Found in parts diagram"
"779215","GH2T-12x12","2 Ton Gantry Assembly Exploded Diagram","https://sumner.com/wp-content/uploads/sites/14/2025/07/2-Ton-Gantry-Assembly-Exploded-Diagram.pdf","","exploded_view","Found in parts diagram"
"779215","GH2T-15x15","2 Ton Gantry Assembly Exploded Diagram","https://sumner.com/wp-content/uploads/sites/14/2025/07/2-Ton-Gantry-Assembly-Exploded-Diagram.pdf","","exploded_view","Found in parts diagram"
"771143","GH2T-8x8","2 Ton Gantry Assembly Exploded Diagram","https://sumner.com/wp-content/uploads/sites/14/2025/07/2-Ton-Gantry-Assembly-Exploded-Diagram.pdf","","exploded_view","Found in parts diagram"
"771143","GH2T-10x10","2 Ton Gantry Assembly Exploded Diagram","https://sumner.com/wp-content/uploads/sites/14/2025/07/2-Ton-Gantry-Assembly-Exploded-Diagram.pdf","","exploded_view","Found in parts diagram"
"771143","GH2T-12x12","2 Ton Gantry Assembly Exploded Diagram","https://sumner.com/wp-content/uploads/sites/14/2025/07/2-Ton-Gantry-Assembly-Exploded-Diagram.pdf","","exploded_view","Found in parts diagram"
"771143","GH2T-15x15","2 Ton Gantry Assembly Exploded Diagram","https://sumner.com/wp-content/uploads/sites/14/2025/07/2-Ton-Gantry-Assembly-Exploded-Diagram.pdf","","exploded_view","Found in parts diagram"
"773052","GH2T-8x8","2 Ton Gantry Assembly Exploded Diagram","https://sumner.com/wp-content/uploads/sites/14/2025/07/2-Ton-Gantry-Assembly-Exploded-Diagram.pdf","","exploded_view","Found in parts diagram"
"773052","GH2T-10x10","2 Ton Gantry Assembly Exploded Diagram","https://sumner.com/wp-content/uploads/sites/14/2025/07/2-Ton-Gantry-Assembly-Exploded-Diagram.pdf","","exploded_view","Found in parts diagram"
"773052","GH2T-12x12","2 Ton Gantry Assembly Exploded Diagram","https://sumner.com/wp-content/uploads/sites/14/2025/07/2-Ton-Gantry-Assembly-Exploded-Diagram.pdf","","exploded_view","Found in parts diagram"
"773052","GH2T-15x15","2 Ton Gantry Assembly Exploded Diagram","https://sumner.com/wp-content/uploads/sites/14/2025/07/2-Ton-Gantry-Assembly-Exploded-Diagram.pdf","","exploded_view","Found in parts diagram"
"772503","GH2T-8x8","2 Ton Gantry Assembly Exploded Diagram","https://sumner.com/wp-content/uploads/sites/14/2025/07/2-Ton-Gantry-Assembly-Exploded-Diagram.pdf","","exploded_view","Found in parts diagram"
"772503","GH2T-10x10","2 Ton Gantry Assembly Exploded Diagram","https://sumner.com/wp-content/uploads/sites/14/2025/07/2-Ton-Gantry-Assembly-Exploded-Diagram.pdf","","exploded_view","Found in parts diagram"
"772503","GH2T-12x12","2 Ton Gantry Assembly Exploded Diagram","https://sumner.com/wp-content/uploads/sites/14/2025/07/2-Ton-Gantry-Assembly-Exploded-Diagram.pdf","","exploded_view","Found in parts diagram"
"772503","GH2T-15x15","2 Ton Gantry Assembly Exploded Diagram","https://sumner.com/wp-content/uploads/sites/14/2025/07/2-Ton-Gantry-Assembly-Exploded-Diagram.pdf","","exploded_view","Found in parts diagram"
"779905","GH2T-8x8","2 Ton Gantry Assembly Exploded Diagram","https://sumner.com/wp-content/uploads/sites/14/2025/07/2-Ton-Gantry-Assembly-Exploded-Diagram.pdf","","exploded_view","Found in parts diagram"
"779905","GH2T-10x10","2 Ton Gantry Assembly Exploded Diagram","https://sumner.com/wp-content/uploads/sites/14/2025/07/2-Ton-Gantry-Assembly-Exploded-Diagram.pdf","","exploded_view","Found in parts diagram"
"779905","GH2T-12x12","2 Ton Gantry Assembly Exploded Diagram","https://sumner.com/wp-content/uploads/sites/14/2025/07/2-Ton-Gantry-Assembly-Exploded-Diagram.pdf","","exploded_view","Found in parts diagram"
"779905","GH2T-15x15","2 Ton Gantry Assembly Exploded Diagram","https://sumner.com/wp-content/uploads/sites/14/2025/07/2-Ton-Gantry-Assembly-Exploded-Diagram.pdf","","exploded_view","Found in parts diagram"
"785040","GH2T-8x8","2 Ton Gantry Assembly Exploded Diagram","https://sumner.com/wp-content/uploads/sites/14/2025/07/2-Ton-Gantry-Assembly-Exploded-Diagram.pdf","","exploded_view","Found in parts diagram"
"785040","GH2T-10x10","2 Ton Gantry Assembly Exploded Diagram","https://sumner.com/wp-content/uploads/sites/14/2025/07/2-Ton-Gantry-Assembly-Exploded-Diagram.pdf","","exploded_view","Found in parts diagram"
"785040","GH2T-12x12","2 Ton Gantry Assembly Exploded Diagram","https://sumner.com/wp-content/uploads/sites/14/2025/07/2-Ton-Gantry-Assembly-Exploded-Diagram.pdf","","exploded_view","Found in parts diagram"
"785040","GH2T-15x15","2 Ton Gantry Assembly Exploded Diagram","https://sumner.com/wp-content/uploads/sites/14/2025/07/2-Ton-Gantry-Assembly-Exploded-Diagram.pdf","","exploded_view","Found in parts diagram"
"785120","GH2T-8x8","2 Ton Gantry Assembly Exploded Diagram","https://sumner.com/wp-content/uploads/sites/14/2025/07/2-Ton-Gantry-Assembly-Exploded-Diagram.pdf","","exploded_view","Found in parts diagram"
"785120","GH2T-10x10","2 Ton Gantry Assembly Exploded Diagram","https://sumner.com/wp-content/uploads/sites/14/2025/07/2-Ton-Gantry-Assembly-Exploded-Diagram.pdf","","exploded_view","Found in parts diagram"
"785120","GH2T-12x12","2 Ton Gantry Assembly Exploded Diagram","https://sumner.com/wp-content/uploads/sites/14/2025/07/2-Ton-Gantry-Assembly-Exploded-Diagram.pdf","","exploded_view","Found in parts diagram"
"785120","GH2T-15x15","2 Ton Gantry Assembly Exploded Diagram","https://sumner.com/wp-content/uploads/sites/14/2025/07/2-Ton-Gantry-Assembly-Exploded-Diagram.pdf","","exploded_view","Found in parts diagram"
"785080","GH2T-8x8","2 Ton Gantry Assembly Exploded Diagram","https://sumner.com/wp-content/uploads/sites/14/2025/07/2-Ton-Gantry-Assembly-Exploded-Diagram.pdf","","exploded_view","Found in parts diagram"
"785080","GH2T-10x10","2 Ton Gantry Assembly Exploded Diagram","https://sumner.com/wp-content/uploads/sites/14/2025/07/2-Ton-Gantry-Assembly-Exploded-Diagram.pdf","","exploded_view","Found in parts diagram"
"785080","GH2T-12x12","2 Ton Gantry Assembly Exploded Diagram","https://sumner.com/wp-content/uploads/sites/14/2025/07/2-Ton-Gantry-Assembly-Exploded-Diagram.pdf","","exploded_view","Found in parts diagram"
"785080","GH2T-15x15","2 Ton Gantry Assembly Exploded Diagram","https://sumner.com/wp-content/uploads/sites/14/2025/07/2-Ton-Gantry-Assembly-Exploded-Diagram.pdf","","exploded_view","Found in parts diagram"
"785130","GH2T-8x8","2 Ton Gantry Assembly Exploded Diagram","https://sumner.com/wp-content/uploads/sites/14/2025/07/2-Ton-Gantry-Assembly-Exploded-Diagram.pdf","","exploded_view","Found in parts diagram"
"785130","GH2T-10x10","2 Ton Gantry Assembly Exploded Diagram","https://sumner.com/wp-content/uploads/sites/14/2025/07/2-Ton-Gantry-Assembly-Exploded-Diagram.pdf","","exploded_view","Found in parts diagram"
"785130","GH2T-12x12","2 Ton Gantry Assembly Exploded Diagram","https://sumner.com/wp-content/uploads/sites/14/2025/07/2-Ton-Gantry-Assembly-Exploded-Diagram.pdf","","exploded_view","Found in parts diagram"
"785130","GH2T-15x15","2 Ton Gantry Assembly Exploded Diagram","https://sumner.com/wp-content/uploads/sites/14/2025/07/2-Ton-Gantry-Assembly-Exploded-Diagram.pdf","","exploded_view","Found in parts diagram"
"785991","GH2T-8x8","2 Ton Gantry Assembly Exploded Diagram","https://sumner.com/wp-content/uploads/sites/14/2025/07/2-Ton-Gantry-Assembly-Exploded-Diagram.pdf","","exploded_view","Found in parts diagram"
"785991","GH2T-10x10","2 Ton Gantry Assembly Exploded Diagram","https://sumner.com/wp-content/uploads/sites/14/2025/07/2-Ton-Gantry-Assembly-Exploded-Diagram.pdf","","exploded_view","Found in parts diagram"
"785991","GH2T-12x12","2 Ton Gantry Assembly Exploded Diagram","https://sumner.com/wp-content/uploads/sites/14/2025/07/2-Ton-Gantry-Assembly-Exploded-Diagram.pdf","","exploded_view","Found in parts diagram"
"785991","GH2T-15x15","2 Ton Gantry Assembly Exploded Diagram","https://sumner.com/wp-content/uploads/sites/14/2025/07/2-Ton-Gantry-Assembly-Exploded-Diagram.pdf","","exploded_view","Found in parts diagram"
"785085","GH2T-8x8","2 Ton Gantry Assembly Exploded Diagram","https://sumner.com/wp-content/uploads/sites/14/2025/07/2-Ton-Gantry-Assembly-Exploded-Diagram.pdf","","exploded_view","Found in parts diagram"
"785085","GH2T-10x10","2 Ton Gantry Assembly Exploded Diagram","https://sumner.com/wp-content/uploads/sites/14/2025/07/2-Ton-Gantry-Assembly-Exploded-Diagram.pdf","","exploded_view","Found in parts diagram"
"785085","GH2T-12x12","2 Ton Gantry Assembly Exploded Diagram","https://sumner.com/wp-content/uploads/sites/14/2025/07/2-Ton-Gantry-Assembly-Exploded-Diagram.pdf","","exploded_view","Found in parts diagram"
"785085","GH2T-15x15","2 Ton Gantry Assembly Exploded Diagram","https://sumner.com/wp-content/uploads/sites/14/2025/07/2-Ton-Gantry-Assembly-Exploded-Diagram.pdf","","exploded_view","Found in parts diagram"
"771107","GH2T-8x8","2 Ton Gantry Assembly Exploded Diagram","https://sumner.com/wp-content/uploads/sites/14/2025/07/2-Ton-Gantry-Assembly-Exploded-Diagram.pdf","","exploded_view","Found in parts diagram"
"771107","GH2T-10x10","2 Ton Gantry Assembly Exploded Diagram","https://sumner.com/wp-content/uploads/sites/14/2025/07/2-Ton-Gantry-Assembly-Exploded-Diagram.pdf","","exploded_view","Found in parts diagram"
"771107","GH2T-12x12","2 Ton Gantry Assembly Exploded Diagram","https://sumner.com/wp-content/uploads/sites/14/2025/07/2-Ton-Gantry-Assembly-Exploded-Diagram.pdf","","exploded_view","Found in parts diagram"
"771107","GH2T-15x15","2 Ton Gantry Assembly Exploded Diagram","https://sumner.com/wp-content/uploads/sites/14/2025/07/2-Ton-Gantry-Assembly-Exploded-Diagram.pdf","","exploded_view","Found in parts diagram"
"771144","GH2T-8x8","2 Ton Gantry Assembly Exploded Diagram","https://sumner.com/wp-content/uploads/sites/14/2025/07/2-Ton-Gantry-Assembly-Exploded-Diagram.pdf","","exploded_view","Found in parts diagram"
"771144","GH2T-10x10","2 Ton Gantry Assembly Exploded Diagram","https://sumner.com/wp-content/uploads/sites/14/2025/07/2-Ton-Gantry-Assembly-Exploded-Diagram.pdf","","exploded_view","Found in parts diagram"
"771144","GH2T-12x12","2 Ton Gantry Assembly Exploded Diagram","https://sumner.com/wp-content/uploads/sites/14/2025/07/2-Ton-Gantry-Assembly-Exploded-Diagram.pdf","","exploded_view","Found in parts diagram"
"771144","GH2T-15x15","2 Ton Gantry Assembly Exploded Diagram","https://sumner.com/wp-content/uploads/sites/14/2025/07/2-Ton-Gantry-Assembly-Exploded-Diagram.pdf","","exploded_view","Found in parts diagram"
"772355","GH2T-8x8","2 Ton Gantry Assembly Exploded Diagram","https://sumner.com/wp-content/uploads/sites/14/2025/07/2-Ton-Gantry-Assembly-Exploded-Diagram.pdf","","exploded_view","Found in parts diagram"
"772355","GH2T-10x10","2 Ton Gantry Assembly Exploded Diagram","https://sumner.com/wp-content/uploads/sites/14/2025/07/2-Ton-Gantry-Assembly-Exploded-Diagram.pdf","","exploded_view","Found in parts diagram"
"772355","GH2T-12x12","2 Ton Gantry Assembly Exploded Diagram","https://sumner.com/wp-content/uploads/sites/14/2025/07/2-Ton-Gantry-Assembly-Exploded-Diagram.pdf","","exploded_view","Found in parts diagram"
"772355","GH2T-15x15","2 Ton Gantry Assembly Exploded Diagram","https://sumner.com/wp-content/uploads/sites/14/2025/07/2-Ton-Gantry-Assembly-Exploded-Diagram.pdf","","exploded_view","Found in parts diagram"
"785081","GH2T-8x8","2 Ton Gantry Assembly Exploded Diagram","https://sumner.com/wp-content/uploads/sites/14/2025/07/2-Ton-Gantry-Assembly-Exploded-Diagram.pdf","","exploded_view","Found in parts diagram"
"785081","GH2T-10x10","2 Ton Gantry Assembly Exploded Diagram","https://sumner.com/wp-content/uploads/sites/14/2025/07/2-Ton-Gantry-Assembly-Exploded-Diagram.pdf","","exploded_view","Found in parts diagram"
"785081","GH2T-12x12","2 Ton Gantry Assembly Exploded Diagram","https://sumner.com/wp-content/uploads/sites/14/2025/07/2-Ton-Gantry-Assembly-Exploded-Diagram.pdf","","exploded_view","Found in parts diagram"
"785081","GH2T-15x15","2 Ton Gantry Assembly Exploded Diagram","https://sumner.com/wp-content/uploads/sites/14/2025/07/2-Ton-Gantry-Assembly-Exploded-Diagram.pdf","","exploded_view","Found in parts diagram"
"779041","GH2T-8x8","2 Ton Gantry Assembly Exploded Diagram","https://sumner.com/wp-content/uploads/sites/14/2025/07/2-Ton-Gantry-Assembly-Exploded-Diagram.pdf","","exploded_view","Found in parts diagram"
"779041","GH2T-10x10","2 Ton Gantry Assembly Exploded Diagram","https://sumner.com/wp-content/uploads/sites/14/2025/07/2-Ton-Gantry-Assembly-Exploded-Diagram.pdf","","exploded_view","Found in parts diagram"
"779041","GH2T-12x12","2 Ton Gantry Assembly Exploded Diagram","https://sumner.com/wp-content/uploads/sites/14/2025/07/2-Ton-Gantry-Assembly-Exploded-Diagram.pdf","","exploded_view","Found in parts diagram"
"779041","GH2T-15x15","2 Ton Gantry Assembly Exploded Diagram","https://sumner.com/wp-content/uploads/sites/14/2025/07/2-Ton-Gantry-Assembly-Exploded-Diagram.pdf","","exploded_view","Found in parts diagram"
"785161","GH2T-8x8","2 Ton Gantry Assembly Exploded Diagram","https://sumner.com/wp-content/uploads/sites/14/2025/07/2-Ton-Gantry-Assembly-Exploded-Diagram.pdf","","exploded_view","Found in parts diagram"
"785161","GH2T-10x10","2 Ton Gantry Assembly Exploded Diagram","https://sumner.com/wp-content/uploads/sites/14/2025/07/2-Ton-Gantry-Assembly-Exploded-Diagram.pdf","","exploded_view","Found in parts diagram"
"785161","GH2T-12x12","2 Ton Gantry Assembly Exploded Diagram","https://sumner.com/wp-content/uploads/sites/14/2025/07/2-Ton-Gantry-Assembly-Exploded-Diagram.pdf","","exploded_view","Found in parts diagram"
"785161","GH2T-15x15","2 Ton Gantry Assembly Exploded Diagram","https://sumner.com/wp-content/uploads/sites/14/2025/07/2-Ton-Gantry-Assembly-Exploded-Diagram.pdf","","exploded_view","Found in parts diagram"
"785167","GH2T-8x8","2 Ton Gantry Assembly Exploded Diagram","https://sumner.com/wp-content/uploads/sites/14/2025/07/2-Ton-Gantry-Assembly-Exploded-Diagram.pdf","","exploded_view","Found in parts diagram"
"785167","GH2T-10x10","2 Ton Gantry Assembly Exploded Diagram","https://sumner.com/wp-content/uploads/sites/14/2025/07/2-Ton-Gantry-Assembly-Exploded-Diagram.pdf","","exploded_view","Found in parts diagram"
"785167","GH2T-12x12","2 Ton Gantry Assembly Exploded Diagram","https://sumner.com/wp-content/uploads/sites/14/2025/07/2-Ton-Gantry-Assembly-Exploded-Diagram.pdf","","exploded_view","Found in parts diagram"
"785167","GH2T-15x15","2 Ton Gantry Assembly Exploded Diagram","https://sumner.com/wp-content/uploads/sites/14/2025/07/2-Ton-Gantry-Assembly-Exploded-Diagram.pdf","","exploded_view","Found in parts diagram"
"771355","GH2T-8x8","2 Ton Gantry Assembly Exploded Diagram","https://sumner.com/wp-content/uploads/sites/14/2025/07/2-Ton-Gantry-Assembly-Exploded-Diagram.pdf","","exploded_view","Found in parts diagram"
"771355","GH2T-10x10","2 Ton Gantry Assembly Exploded Diagram","https://sumner.com/wp-content/uploads/sites/14/2025/07/2-Ton-Gantry-Assembly-Exploded-Diagram.pdf","","exploded_view","Found in parts diagram"
"771355","GH2T-12x12","2 Ton Gantry Assembly Exploded Diagram","https://sumner.com/wp-content/uploads/sites/14/2025/07/2-Ton-Gantry-Assembly-Exploded-Diagram.pdf","","exploded_view","Found in parts diagram"
"771355","GH2T-15x15","2 Ton Gantry Assembly Exploded Diagram","https://sumner.com/wp-content/uploads/sites/14/2025/07/2-Ton-Gantry-Assembly-Exploded-Diagram.pdf","","exploded_view","Found in parts diagram"
"772376","GH2T-8x8","2 Ton Gantry Assembly Exploded Diagram","https://sumner.com/wp-content/uploads/sites/14/2025/07/2-Ton-Gantry-Assembly-Exploded-Diagram.pdf","","exploded_view","Found in parts diagram"
"772376","GH2T-10x10","2 Ton Gantry Assembly Exploded Diagram","https://sumner.com/wp-content/uploads/sites/14/2025/07/2-Ton-Gantry-Assembly-Exploded-Diagram.pdf","","exploded_view","Found in parts diagram"
"772376","GH2T-12x12","2 Ton Gantry Assembly Exploded Diagram","https://sumner.com/wp-content/uploads/sites/14/2025/07/2-Ton-Gantry-Assembly-Exploded-Diagram.pdf","","exploded_view","Found in parts diagram"
"772376","GH2T-15x15","2 Ton Gantry Assembly Exploded Diagram","https://sumner.com/wp-content/uploads/sites/14/2025/07/2-Ton-Gantry-Assembly-Exploded-Diagram.pdf","","exploded_view","Found in parts diagram"
"774168","GH2T-8x8","2 Ton Gantry Assembly Exploded Diagram","https://sumner.com/wp-content/uploads/sites/14/2025/07/2-Ton-Gantry-Assembly-Exploded-Diagram.pdf","","exploded_view","Found in parts diagram"
"774168","GH2T-10x10","2 Ton Gantry Assembly Exploded Diagram","https://sumner.com/wp-content/uploads/sites/14/2025/07/2-Ton-Gantry-Assembly-Exploded-Diagram.pdf","","exploded_view","Found in parts diagram"
"774168","GH2T-12x12","2 Ton Gantry Assembly Exploded Diagram","https://sumner.com/wp-content/uploads/sites/14/2025/07/2-Ton-Gantry-Assembly-Exploded-Diagram.pdf","","exploded_view","Found in parts diagram"
"774168","GH2T-15x15","2 Ton Gantry Assembly Exploded Diagram","https://sumner.com/wp-content/uploads/sites/14/2025/07/2-Ton-Gantry-Assembly-Exploded-Diagram.pdf","","exploded_view","Found in parts diagram"
"785055","GH2T-8x8","2 Ton Gantry Assembly Exploded Diagram","https://sumner.com/wp-content/uploads/sites/14/2025/07/2-Ton-Gantry-Assembly-Exploded-Diagram.pdf","","exploded_view","Found in parts diagram"
"785055","GH2T-10x10","2 Ton Gantry Assembly Exploded Diagram","https://sumner.com/wp-content/uploads/sites/14/2025/07/2-Ton-Gantry-Assembly-Exploded-Diagram.pdf","","exploded_view","Found in parts diagram"
"785055","GH2T-12x12","2 Ton Gantry Assembly Exploded Diagram","https://sumner.com/wp-content/uploads/sites/14/2025/07/2-Ton-Gantry-Assembly-Exploded-Diagram.pdf","","exploded_view","Found in parts diagram"
"785055","GH2T-15x15","2 Ton Gantry Assembly Exploded Diagram","https://sumner.com/wp-content/uploads/sites/14/2025/07/2-Ton-Gantry-Assembly-Exploded-Diagram.pdf","","exploded_view","Found in parts diagram"
"785056","GH2T-8x8","2 Ton Gantry Assembly Exploded Diagram","https://sumner.com/wp-content/uploads/sites/14/2025/07/2-Ton-Gantry-Assembly-Exploded-Diagram.pdf","","exploded_view","Found in parts diagram"
"785056","GH2T-10x10","2 Ton Gantry Assembly Exploded Diagram","https://sumner.com/wp-content/uploads/sites/14/2025/07/2-Ton-Gantry-Assembly-Exploded-Diagram.pdf","","exploded_view","Found in parts diagram"
"785056","GH2T-12x12","2 Ton Gantry Assembly Exploded Diagram","https://sumner.com/wp-content/uploads/sites/14/2025/07/2-Ton-Gantry-Assembly-Exploded-Diagram.pdf","","exploded_view","Found in parts diagram"
"785056","GH2T-15x15","2 Ton Gantry Assembly Exploded Diagram","https://sumner.com/wp-content/uploads/sites/14/2025/07/2-Ton-Gantry-Assembly-Exploded-Diagram.pdf","","exploded_view","Found in parts diagram"
"785057","GH2T-8x8","2 Ton Gantry Assembly Exploded Diagram","https://sumner.com/wp-content/uploads/sites/14/2025/07/2-Ton-Gantry-Assembly-Exploded-Diagram.pdf","","exploded_view","Found in parts diagram"
"785057","GH2T-10x10","2 Ton Gantry Assembly Exploded Diagram","https://sumner.com/wp-content/uploads/sites/14/2025/07/2-Ton-Gantry-Assembly-Exploded-Diagram.pdf","","exploded_view","Found in parts diagram"
"785057","GH2T-12x12","2 Ton Gantry Assembly Exploded Diagram","https://sumner.com/wp-content/uploads/sites/14/2025/07/2-Ton-Gantry-Assembly-Exploded-Diagram.pdf","","exploded_view","Found in parts diagram"
"785057","GH2T-15x15","2 Ton Gantry Assembly Exploded Diagram","https://sumner.com/wp-content/uploads/sites/14/2025/07/2-Ton-Gantry-Assembly-Exploded-Diagram.pdf","","exploded_view","Found in parts diagram"
"785058","GH2T-8x8","2 Ton Gantry Assembly Exploded Diagram","https://sumner.com/wp-content/uploads/sites/14/2025/07/2-Ton-Gantry-Assembly-Exploded-Diagram.pdf","","exploded_view","Found in parts diagram"
"785058","GH2T-10x10","2 Ton Gantry Assembly Exploded Diagram","https://sumner.com/wp-content/uploads/sites/14/2025/07/2-Ton-Gantry-Assembly-Exploded-Diagram.pdf","","exploded_view","Found in parts diagram"
"785058","GH2T-12x12","2 Ton Gantry Assembly Exploded Diagram","https://sumner.com/wp-content/uploads/sites/14/2025/07/2-Ton-Gantry-Assembly-Exploded-Diagram.pdf","","exploded_view","Found in parts diagram"
"785058","GH2T-15x15","2 Ton Gantry Assembly Exploded Diagram","https://sumner.com/wp-content/uploads/sites/14/2025/07/2-Ton-Gantry-Assembly-Exploded-Diagram.pdf","","exploded_view","Found in parts diagram"
"771245","GH2T-8x8","2 Ton Gantry Assembly Exploded Diagram","https://sumner.com/wp-content/uploads/sites/14/2025/07/2-Ton-Gantry-Assembly-Exploded-Diagram.pdf","","exploded_view","Found in parts diagram"
"771245","GH2T-10x10","2 Ton Gantry Assembly Exploded Diagram","https://sumner.com/wp-content/uploads/sites/14/2025/07/2-Ton-Gantry-Assembly-Exploded-Diagram.pdf","","exploded_view","Found in parts diagram"
"771245","GH2T-12x12","2 Ton Gantry Assembly Exploded Diagram","https://sumner.com/wp-content/uploads/sites/14/2025/07/2-Ton-Gantry-Assembly-Exploded-Diagram.pdf","","exploded_view","Found in parts diagram"
"771245","GH2T-15x15","2 Ton Gantry Assembly Exploded Diagram","https://sumner.com/wp-content/uploads/sites/14/2025/07/2-Ton-Gantry-Assembly-Exploded-Diagram.pdf","","exploded_view","Found in parts diagram"
"772350","GH2T-8x8","2 Ton Gantry Assembly Exploded Diagram","https://sumner.com/wp-content/uploads/sites/14/2025/07/2-Ton-Gantry-Assembly-Exploded-Diagram.pdf","","exploded_view","Found in parts diagram"
"772350","GH2T-10x10","2 Ton Gantry Assembly Exploded Diagram","https://sumner.com/wp-content/uploads/sites/14/2025/07/2-Ton-Gantry-Assembly-Exploded-Diagram.pdf","","exploded_view","Found in parts diagram"
"772350","GH2T-12x12","2 Ton Gantry Assembly Exploded Diagram","https://sumner.com/wp-content/uploads/sites/14/2025/07/2-Ton-Gantry-Assembly-Exploded-Diagram.pdf","","exploded_view","Found in parts diagram"
"772350","GH2T-15x15","2 Ton Gantry Assembly Exploded Diagram","https://sumner.com/wp-content/uploads/sites/14/2025/07/2-Ton-Gantry-Assembly-Exploded-Diagram.pdf","","exploded_view","Found in parts diagram"
"785041","GH2T-8x8","2 Ton Gantry Assembly Exploded Diagram","https://sumner.com/wp-content/uploads/sites/14/2025/07/2-Ton-Gantry-Assembly-Exploded-Diagram.pdf","","exploded_view","Found in parts diagram"
"785041","GH2T-10x10","2 Ton Gantry Assembly Exploded Diagram","https://sumner.com/wp-content/uploads/sites/14/2025/07/2-Ton-Gantry-Assembly-Exploded-Diagram.pdf","","exploded_view","Found in parts diagram"
"785041","GH2T-12x12","2 Ton Gantry Assembly Exploded Diagram","https://sumner.com/wp-content/uploads/sites/14/2025/07/2-Ton-Gantry-Assembly-Exploded-Diagram.pdf","","exploded_view","Found in parts diagram"
"785041","GH2T-15x15","2 Ton Gantry Assembly Exploded Diagram","https://sumner.com/wp-content/uploads/sites/14/2025/07/2-Ton-Gantry-Assembly-Exploded-Diagram.pdf","","exploded_view","Found in parts diagram"
"785050","GH2T-8x8","2 Ton Gantry Assembly Exploded Diagram","https://sumner.com/wp-content/uploads/sites/14/2025/07/2-Ton-Gantry-Assembly-Exploded-Diagram.pdf","","exploded_view","Found in parts diagram"
"785050","GH2T-10x10","2 Ton Gantry Assembly Exploded Diagram","https://sumner.com/wp-content/uploads/sites/14/2025/07/2-Ton-Gantry-Assembly-Exploded-Diagram.pdf","","exploded_view","Found in parts diagram"
"785050","GH2T-12x12","2 Ton Gantry Assembly Exploded Diagram","https://sumner.com/wp-content/uploads/sites/14/2025/07/2-Ton-Gantry-Assembly-Exploded-Diagram.pdf","","exploded_view","Found in parts diagram"
"785050","GH2T-15x15","2 Ton Gantry Assembly Exploded Diagram","https://sumner.com/wp-content/uploads/sites/14/2025/07/2-Ton-Gantry-Assembly-Exploded-Diagram.pdf","","exploded_view","Found in parts diagram"
"785086","GH2T-8x8","2 Ton Gantry Assembly Exploded Diagram","https://sumner.com/wp-content/uploads/sites/14/2025/07/2-Ton-Gantry-Assembly-Exploded-Diagram.pdf","","exploded_view","Found in parts diagram"
"785086","GH2T-10x10","2 Ton Gantry Assembly Exploded Diagram","https://sumner.com/wp-content/uploads/sites/14/2025/07/2-Ton-Gantry-Assembly-Exploded-Diagram.pdf","","exploded_view","Found in parts diagram"
"785086","GH2T-12x12","2 Ton Gantry Assembly Exploded Diagram","https://sumner.com/wp-content/uploads/sites/14/2025/07/2-Ton-Gantry-Assembly-Exploded-Diagram.pdf","","exploded_view","Found in parts diagram"
"785086","GH2T-15x15","2 Ton Gantry Assembly Exploded Diagram","https://sumner.com/wp-content/uploads/sites/14/2025/07/2-Ton-Gantry-Assembly-Exploded-Diagram.pdf","","exploded_view","Found in parts diagram"
"785087","GH2T-8x8","2 Ton Gantry Assembly Exploded Diagram","https://sumner.com/wp-content/uploads/sites/14/2025/07/2-Ton-Gantry-Assembly-Exploded-Diagram.pdf","","exploded_view","Found in parts diagram"
"785087","GH2T-10x10","2 Ton Gantry Assembly Exploded Diagram","https://sumner.com/wp-content/uploads/sites/14/2025/07/2-Ton-Gantry-Assembly-Exploded-Diagram.pdf","","exploded_view","Found in parts diagram"
"785087","GH2T-12x12","2 Ton Gantry Assembly Exploded Diagram","https://sumner.com/wp-content/uploads/sites/14/2025/07/2-Ton-Gantry-Assembly-Exploded-Diagram.pdf","","exploded_view","Found in parts diagram"
"785087","GH2T-15x15","2 Ton Gantry Assembly Exploded Diagram","https://sumner.com/wp-content/uploads/sites/14/2025/07/2-Ton-Gantry-Assembly-Exploded-Diagram.pdf","","exploded_view","Found in parts diagram"
"776221","GH2T-8x8","2 Ton Gantry Assembly Exploded Diagram","https://sumner.com/wp-content/uploads/sites/14/2025/07/2-Ton-Gantry-Assembly-Exploded-Diagram.pdf","","exploded_view","Found in parts diagram"
"776221","GH2T-10x10","2 Ton Gantry Assembly Exploded Diagram","https://sumner.com/wp-content/uploads/sites/14/2025/07/2-Ton-Gantry-Assembly-Exploded-Diagram.pdf","","exploded_view","Found in parts diagram"
"776221","GH2T-12x12","2 Ton Gantry Assembly Exploded Diagram","https://sumner.com/wp-content/uploads/sites/14/2025/07/2-Ton-Gantry-Assembly-Exploded-Diagram.pdf","","exploded_view","Found in parts diagram"
"776221","GH2T-15x15","2 Ton Gantry Assembly Exploded Diagram","https://sumner.com/wp-content/uploads/sites/14/2025/07/2-Ton-Gantry-Assembly-Exploded-Diagram.pdf","","exploded_view","Found in parts diagram"
"785131","GH2T-8x8","2 Ton Gantry Assembly Exploded Diagram","https://sumner.com/wp-content/uploads/sites/14/2025/07/2-Ton-Gantry-Assembly-Exploded-Diagram.pdf","","exploded_view","Found in parts diagram"
"785131","GH2T-10x10","2 Ton Gantry Assembly Exploded Diagram","https://sumner.com/wp-content/uploads/sites/14/2025/07/2-Ton-Gantry-Assembly-Exploded-Diagram.pdf","","exploded_view","Found in parts diagram"
"785131","GH2T-12x12","2 Ton Gantry Assembly Exploded Diagram","https://sumner.com/wp-content/uploads/sites/14/2025/07/2-Ton-Gantry-Assembly-Exploded-Diagram.pdf","","exploded_view","Found in parts diagram"
"785131","GH2T-15x15","2 Ton Gantry Assembly Exploded Diagram","https://sumner.com/wp-content/uploads/sites/14/2025/07/2-Ton-Gantry-Assembly-Exploded-Diagram.pdf","","exploded_view","Found in parts diagram"
"785136","GH2T-8x8","2 Ton Gantry Assembly Exploded Diagram","https://sumner.com/wp-content/uploads/sites/14/2025/07/2-Ton-Gantry-Assembly-Exploded-Diagram.pdf","","exploded_view","Found in parts diagram"
"785136","GH2T-10x10","2 Ton Gantry Assembly Exploded Diagram","https://sumner.com/wp-content/uploads/sites/14/2025/07/2-Ton-Gantry-Assembly-Exploded-Diagram.pdf","","exploded_view","Found in parts diagram"
"785136","GH2T-12x12","2 Ton Gantry Assembly Exploded Diagram","https://sumner.com/wp-content/uploads/sites/14/2025/07/2-Ton-Gantry-Assembly-Exploded-Diagram.pdf","","exploded_view","Found in parts diagram"
"785136","GH2T-15x15","2 Ton Gantry Assembly Exploded Diagram","https://sumner.com/wp-content/uploads/sites/14/2025/07/2-Ton-Gantry-Assembly-Exploded-Diagram.pdf","","exploded_view","Found in parts diagram"
"782510","GH2T-8x8","2 Ton Gantry Assembly Exploded Diagram","https://sumner.com/wp-content/uploads/sites/14/2025/07/2-Ton-Gantry-Assembly-Exploded-Diagram.pdf","","exploded_view","Found in parts diagram"
"782510","GH2T-10x10","2 Ton Gantry Assembly Exploded Diagram","https://sumner.com/wp-content/uploads/sites/14/2025/07/2-Ton-Gantry-Assembly-Exploded-Diagram.pdf","","exploded_view","Found in parts diagram"
"782510","GH2T-12x12","2 Ton Gantry Assembly Exploded Diagram","https://sumner.com/wp-content/uploads/sites/14/2025/07/2-Ton-Gantry-Assembly-Exploded-Diagram.pdf","","exploded_view","Found in parts diagram"
"782510","GH2T-15x15","2 Ton Gantry Assembly Exploded Diagram","https://sumner.com/wp-content/uploads/sites/14/2025/07/2-Ton-Gantry-Assembly-Exploded-Diagram.pdf","","exploded_view","Found in parts diagram"
"771111","GH2T-8x8","2 Ton Gantry Assembly Exploded Diagram","https://sumner.com/wp-content/uploads/sites/14/2025/07/2-Ton-Gantry-Assembly-Exploded-Diagram.pdf","","exploded_view","Found in parts diagram"
"771111","GH2T-10x10","2 Ton Gantry Assembly Exploded Diagram","https://sumner.com/wp-content/uploads/sites/14/2025/07/2-Ton-Gantry-Assembly-Exploded-Diagram.pdf","","exploded_view","Found in parts diagram"
"771111","GH2T-12x12","2 Ton Gantry Assembly Exploded Diagram","https://sumner.com/wp-content/uploads/sites/14/2025/07/2-Ton-Gantry-Assembly-Exploded-Diagram.pdf","","exploded_view","Found in parts diagram"
"771111","GH2T-15x15","2 Ton Gantry Assembly Exploded Diagram","https://sumner.com/wp-content/uploads/sites/14/2025/07/2-Ton-Gantry-Assembly-Exploded-Diagram.pdf","","exploded_view","Found in parts diagram"
"776212","GH2T-8x8","2 Ton Gantry Assembly Exploded Diagram","https://sumner.com/wp-content/uploads/sites/14/2025/07/2-Ton-Gantry-Assembly-Exploded-Diagram.pdf","","exploded_view","Found in parts diagram"
"776212","GH2T-10x10","2 Ton Gantry Assembly Exploded Diagram","https://sumner.com/wp-content/uploads/sites/14/2025/07/2-Ton-Gantry-Assembly-Exploded-Diagram.pdf","","exploded_view","Found in parts diagram"
"776212","GH2T-12x12","2 Ton Gantry Assembly Exploded Diagram","https://sumner.com/wp-content/uploads/sites/14/2025/07/2-Ton-Gantry-Assembly-Exploded-Diagram.pdf","","exploded_view","Found in parts diagram"
"776212","GH2T-15x15","2 Ton Gantry Assembly Exploded Diagram","https://sumner.com/wp-content/uploads/sites/14/2025/07/2-Ton-Gantry-Assembly-Exploded-Diagram.pdf","","exploded_view","Found in parts diagram"
"775110","GH2T-8x8","2 Ton Gantry Assembly Exploded Diagram","https://sumner.com/wp-content/uploads/sites/14/2025/07/2-Ton-Gantry-Assembly-Exploded-Diagram.pdf","","exploded_view","Found in parts diagram"
"775110","GH2T-10x10","2 Ton Gantry Assembly Exploded Diagram","https://sumner.com/wp-content/uploads/sites/14/2025/07/2-Ton-Gantry-Assembly-Exploded-Diagram.pdf","","exploded_view","Found in parts diagram"
"775110","GH2T-12x12","2 Ton Gantry Assembly Exploded Diagram","https://sumner.com/wp-content/uploads/sites/14/2025/07/2-Ton-Gantry-Assembly-Exploded-Diagram.pdf","","exploded_view","Found in parts diagram"
"775110","GH2T-15x15","2 Ton Gantry Assembly Exploded Diagram","https://sumner.com/wp-content/uploads/sites/14/2025/07/2-Ton-Gantry-Assembly-Exploded-Diagram.pdf","","exploded_view","Found in parts diagram"
"785993","GH2T-8x8","2 Ton Gantry Assembly Exploded Diagram","https://sumner.com/wp-content/uploads/sites/14/2025/07/2-Ton-Gantry-Assembly-Exploded-Diagram.pdf","","exploded_view","Found in parts diagram"
"785993","GH2T-10x10","2 Ton Gantry Assembly Exploded Diagram","https://sumner.com/wp-content/uploads/sites/14/2025/07/2-Ton-Gantry-Assembly-Exploded-Diagram.pdf","","exploded_view","Found in parts diagram"
"785993","GH2T-12x12","2 Ton Gantry Assembly Exploded Diagram","https://sumner.com/wp-content/uploads/sites/14/2025/07/2-Ton-Gantry-Assembly-Exploded-Diagram.pdf","","exploded_view","Found in parts diagram"
"785993","GH2T-15x15","2 Ton Gantry Assembly Exploded Diagram","https://sumner.com/wp-content/uploads/sites/14/2025/07/2-Ton-Gantry-Assembly-Exploded-Diagram.pdf","","exploded_view","Found in parts diagram"
"785994","GH2T-8x8","2 Ton Gantry Assembly Exploded Diagram","https://sumner.com/wp-content/uploads/sites/14/2025/07/2-Ton-Gantry-Assembly-Exploded-Diagram.pdf","","exploded_view","Found in parts diagram"
"785994","GH2T-10x10","2 Ton Gantry Assembly Exploded Diagram","https://sumner.com/wp-content/uploads/sites/14/2025/07/2-Ton-Gantry-Assembly-Exploded-Diagram.pdf","","exploded_view","Found in parts diagram"
"785994","GH2T-12x12","2 Ton Gantry Assembly Exploded Diagram","https://sumner.com/wp-content/uploads/sites/14/2025/07/2-Ton-Gantry-Assembly-Exploded-Diagram.pdf","","exploded_view","Found in parts diagram"
"785994","GH2T-15x15","2 Ton Gantry Assembly Exploded Diagram","https://sumner.com/wp-content/uploads/sites/14/2025/07/2-Ton-Gantry-Assembly-Exploded-Diagram.pdf","","exploded_view","Found in parts diagram"
"785996","GH2T-8x8","2 Ton Gantry Assembly Exploded Diagram","https://sumner.com/wp-content/uploads/sites/14/2025/07/2-Ton-Gantry-Assembly-Exploded-Diagram.pdf","","exploded_view","Found in parts diagram"
"785996","GH2T-10x10","2 Ton Gantry Assembly Exploded Diagram","https://sumner.com/wp-content/uploads/sites/14/2025/07/2-Ton-Gantry-Assembly-Exploded-Diagram.pdf","","exploded_view","Found in parts diagram"
"785996","GH2T-12x12","2 Ton Gantry Assembly Exploded Diagram","https://sumner.com/wp-content/uploads/sites/14/2025/07/2-Ton-Gantry-Assembly-Exploded-Diagram.pdf","","exploded_view","Found in parts diagram"
"785996","GH2T-15x15","2 Ton Gantry Assembly Exploded Diagram","https://sumner.com/wp-content/uploads/sites/14/2025/07/2-Ton-Gantry-Assembly-Exploded-Diagram.pdf","","exploded_view","Found in parts diagram"
"785998","GH2T-8x8","2 Ton Gantry Assembly Exploded Diagram","https://sumner.com/wp-content/uploads/sites/14/2025/07/2-Ton-Gantry-Assembly-Exploded-Diagram.pdf","","exploded_view","Found in parts diagram"
"785998","GH2T-10x10","2 Ton Gantry Assembly Exploded Diagram","https://sumner.com/wp-content/uploads/sites/14/2025/07/2-Ton-Gantry-Assembly-Exploded-Diagram.pdf","","exploded_view","Found in parts diagram"
"785998","GH2T-12x12","2 Ton Gantry Assembly Exploded Diagram","https://sumner.com/wp-content/uploads/sites/14/2025/07/2-Ton-Gantry-Assembly-Exploded-Diagram.pdf","","exploded_view","Found in parts diagram"
"785998","GH2T-15x15","2 Ton Gantry Assembly Exploded Diagram","https://sumner.com/wp-content/uploads/sites/14/2025/07/2-Ton-Gantry-Assembly-Exploded-Diagram.pdf","","exploded_view","Found in parts diagram"