Part Number,Count,Primary URL,Duplicate URLs
784060,2,https://energizedengines.com/products/aftermarket-sound-array-bar-eventer-20-25-compatible-784060,"https://energizedengines.com/products/sumner-784060-eventer-20-25-sound-array-bar"
785991,2,https://energizedengines.com/products/ee-2019-gantry-pull-handle-785991-old-style-compatible,"https://energizedengines.com/products/sumner-785991-pull-handle-assembly-gantry-2-ton"
783715,3,https://energizedengines.com/products/aftermarket-mast-hold-down-assembly-ee-2015-eventer-series-783715-compatible,"https://energizedengines.com/products/sumner-783715-mast-hold-down-assembly | https://energizedengines.com/products/sumner-783715-mast-hold-down-assembly-1"
783620,6,https://energizedengines.com/products/aftermarket-roller-shaft-2000-2100-eventer-series-783620-compatible,"https://energizedengines.com/products/sumner-783620-shaft-roller-2 | https://energizedengines.com/products/sumner-783620-shaft-roller-3 | https://energizedengines.com/products/sumner-783620-shaft-roller-1 | https://energizedengines.com/products/sumner-783620-shaft-roller | https://energizedengines.com/products/shaft-roller"
784585,4,https://energizedengines.com/products/aftermarket-dolly-wheel-axle-2400-series-784585-compatible,"https://energizedengines.com/products/sumner-784585-axle-2412-lift | https://energizedengines.com/products/sumner-784585-axle-2412-lift-1 | https://energizedengines.com/products/sumner-784585-axle-2412-lift-2"
780820,3,https://energizedengines.com/products/aftermarket-mast-brace-right-2000-2100-2500-2600-eventer-series-ee-2012,"https://energizedengines.com/products/sumner-780820-brace-mast-right-lf-167 | https://energizedengines.com/products/sumner-780820-brace-mast-right-lf-166"
783829,3,https://energizedengines.com/products/aftermarket-mast-brace-left-2000-2100-2500-2600-eventer-series,"https://energizedengines.com/products/sumner-783829-mast-brace-lh-eventer | https://energizedengines.com/products/sumner-783829-mast-brace-lh-eventer-1"
780046,3,https://energizedengines.com/products/aftermarket-4in-sheave-ee-2010-roust-a-bout-compatible,"https://energizedengines.com/products/sumner-780046-sheave-4in-rab-412 | https://energizedengines.com/products/sumner-780046-sheave-4in-rab-411"
784867,5,https://energizedengines.com/products/ee-2009-axle-support-tube-2400-series-aftermarket-784867,"https://energizedengines.com/products/sumner-784867-axle-support-tube | https://energizedengines.com/products/sumner-784867-axle-support-tube-1 | https://energizedengines.com/products/sumner-784867-axle-support-tube-2 | https://energizedengines.com/products/axle-support-tube"
780301,2,https://energizedengines.com/products/sumner-r-150-roust-a-bouta-15-top-ht-sku-780301,"https://energizedengines.com/products/sumner-r-150-roust-a-bout™-15-top-ht-sku-780301"
780302,2,https://energizedengines.com/products/sumner-r-180-roust-a-bouta-18-top-ht-sumner-sku-780302,"https://energizedengines.com/products/sumner-r-180-roust-a-bout™-18-top-ht-sumner-sku-780302"
780303,2,https://energizedengines.com/products/sumner-r-250-roust-a-bouta-25-top-ht-sumner-sku-780303,"https://energizedengines.com/products/sumner-r-250-roust-a-bout™-25-top-ht-sumner-sku-780303"
1094,2,https://energizedengines.com/products/brass-1-2-close-nipple-for-hydro-tester-aftermarket,"https://energizedengines.com/products/inlet-manifold-assembly"
1074,2,https://energizedengines.com/products/ee-1074-leg-lock-bolt,"https://energizedengines.com/products/genie-e-1074-leg-lock-pin"
775090,3,https://energizedengines.com/products/sumner-775090-bush-bz-fl-3-4-x-1-x-5-8,"https://energizedengines.com/products/sumner-775090-bush-bz-fl-3-4-x-1-x-5-9 | https://energizedengines.com/products/sumner-775090-bush-bz-fl-3-4-x-1-x-5-10"
771345,2,https://energizedengines.com/products/sumner-771345-screw-shoulder-5-16-x-3-4,"https://energizedengines.com/products/sumner-771345-screw-shoulder-5-16-x-3-5"
776028,3,https://energizedengines.com/products/sumner-776028-screw-thumb-3-8-16-x-1-1-2,"https://energizedengines.com/products/sumner-776028-screw-thumb-3-8-16-x-1-1-3 | https://energizedengines.com/products/sumner-776028-screw-thumb-3-8-16-x-1-1-4"
779302,2,https://energizedengines.com/products/sumner-779302-chain-high-test-1-4-grd-43,"https://energizedengines.com/products/sumner-779302-chain-high-test-1-4-grd-44"
775251,2,https://energizedengines.com/products/sumner-775251-spring-tapered-75-x-25-x-75,"https://energizedengines.com/products/sumner-775251-spring-tapered-75-x-25-x-76"
773070,2,https://energizedengines.com/products/sumner-773070-washer-flat-3-4-n-typ-a,"https://energizedengines.com/products/sumner-773070-washer-flat-3-4-n-typ-a-1"
771029,2,https://energizedengines.com/products/sumner-771029-screw-hhc-1-4-20-x-1-3-4,"https://energizedengines.com/products/sumner-771029-screw-hhc-1-4-20-x-1-3-5"
774096,2,https://energizedengines.com/products/sumner-774096-pin-roll-3-16-x-5-8,"https://energizedengines.com/products/sumner-774096-pin-roll-3-16-x-5-9"
773024,2,https://energizedengines.com/products/sumner-773024-washer-fl-brass-38-3-8l,"https://energizedengines.com/products/sumner-773024-washer-fl-brass-38-3-8l-1"
787538,2,https://energizedengines.com/products/sumner-787538-1-4t-lever-hoist-15,"https://energizedengines.com/products/sumner-787538-1-4t-lever-hoist-16"
773020,3,https://energizedengines.com/products/sumner-773020-washer-flat-1-4,"https://energizedengines.com/products/sumner-773020-washer-flat-1-5 | https://energizedengines.com/products/sumner-773020-washer-flat-1-6"
773100,2,https://energizedengines.com/products/sumner-773100-flat-washer-uss-1,"https://energizedengines.com/products/sumner-773100-flat-washer-uss-2"
774090,2,https://energizedengines.com/products/sumner-774090-roll-pin-3-8-dia-x-2-long,"https://energizedengines.com/products/sumner-774090-roll-pin-3-8-dia-x-2-long-1"
774049,3,https://energizedengines.com/products/sumner-774049-cotter-pin-brass-3-16-x-1-1-2,"https://energizedengines.com/products/sumner-774049-cotter-pin-brass-3-16-x-1-1-3 | https://energizedengines.com/products/sumner-774049-cotter-pin-brass-3-16-x-1-1-4"
779109,2,https://energizedengines.com/products/sumner-779107-480-400-x-8-pneu-tire-whl,"https://energizedengines.com/products/sumner-779107-480-400-x-8-pneu-tire-whl-1"
782738,2,https://energizedengines.com/products/sumner-782738-wheel-spacer-cricket,"https://energizedengines.com/products/sumner-782738-wheel-spacer-cricket-1"
773200,2,https://energizedengines.com/products/sumner-773200-washer-flat-1-1-4,"https://energizedengines.com/products/sumner-773200-washer-flat-1-1-5"
774050,2,https://energizedengines.com/products/sumner-774050-pin-cotter-brass-3-16-x-2,"https://energizedengines.com/products/sumner-774050-pin-cotter-brass-3-16-x-3"
780552,4,https://energizedengines.com/products/sumner-780552-setscrew-c-110w,"https://energizedengines.com/products/sumner-780552-setscrew-c-110w-1 | https://energizedengines.com/products/sumner-780552-setscrew-c-110w-2 | https://energizedengines.com/products/sumner-780552-setscrew-c-110w-3"
771106,2,https://energizedengines.com/products/sumner-771106-screw-hhc-3-8-16-x-7-8,"https://energizedengines.com/products/sumner-771106-screw-hhc-3-8-16-x-7-9"
780510,2,https://energizedengines.com/products/sumner-780510-lockwasher-j-20a,"https://energizedengines.com/products/sumner-780510-lockwasher-j-20a-1"
771031,3,https://energizedengines.com/products/sumner-771031-screw-hhc-1-4-20-x-7-8,"https://energizedengines.com/products/sumner-771031-screw-hhc-1-4-20-x-7-9 | https://energizedengines.com/products/sumner-771031-screw-hhc-1-4-20-x-7-10"
779038,3,https://energizedengines.com/products/sumner-779038-caster-6-swivel,"https://energizedengines.com/products/sumner-779038-caster-6-swivel-1 | https://energizedengines.com/products/sumner-779038-caster-6-swivel-2"
779039,2,https://energizedengines.com/products/sumner-779039-caster-6-rigid,"https://energizedengines.com/products/sumner-779039-caster-6-rigid-1"
779916,3,https://energizedengines.com/products/sumner-779916-cap-2-square-tubing-black,"https://energizedengines.com/products/sumner-779916-cap-2-square-tubing-black-1 | https://energizedengines.com/products/sumner-779916-cap-2-square-tubing-black-2"
779019,2,https://energizedengines.com/products/sumner-779019-ball-steel-1-1-2-dia,"https://energizedengines.com/products/sumner-779019-ball-steel-1-1-2-dia-1"
779048,2,https://energizedengines.com/products/sumner-779048-caster-6-swivel-max-jax-2,"https://energizedengines.com/products/sumner-779048-caster-6-swivel-max-jax-3"
780267,2,https://energizedengines.com/products/sumner-780267-socket-ball-caster,"https://energizedengines.com/products/sumner-780267-socket-ball-caster-1"
780332,2,https://energizedengines.com/products/sumner-780332-fabsaf-base-weldment,"https://energizedengines.com/products/sumner-780332-fabsaf-base-weldment-1"
781417,2,https://energizedengines.com/products/sumner-781417-big-vee-hd-assy-w-spanner-nut-mj-2,"https://energizedengines.com/products/sumner-781417-big-vee-hd-assy-w-spanner-nut-mj-3"
780518,2,https://energizedengines.com/products/sumner-780518-vee-head-assembly,"https://energizedengines.com/products/sumner-780518-vee-hd-assy-b-16f"
784693,2,https://energizedengines.com/products/sumner-784693-brake-cam-2400-lift,"https://energizedengines.com/products/sumner-784693-brake-cam-2400-lift-1"
784694,2,https://energizedengines.com/products/sumner-784694-weight-2400-lift,"https://energizedengines.com/products/sumner-784694-weight-2400-lift-1"
783593,3,https://energizedengines.com/products/sumner-783593-side-plate-weldment-lh,"https://energizedengines.com/products/sumner-783593-side-plate-weldment-lh-1 | https://energizedengines.com/products/sumner-783593-side-plate-weldment-lh-2"
783596,3,https://energizedengines.com/products/sumner-783596-side-plate-weldment-rh,"https://energizedengines.com/products/sumner-783596-side-plate-weldment-rh-1 | https://energizedengines.com/products/sumner-783596-side-plate-weldment-rh-2"
783609,3,https://energizedengines.com/products/sumner-783609-roller-support-arm,"https://energizedengines.com/products/sumner-783609-roller-support-arm-1 | https://energizedengines.com/products/sumner-783609-roller-support-arm-2"
786960,2,https://energizedengines.com/products/sumner-786960-sumner-gantry-skid-system-for-3-4-2-ton-gantry,"https://energizedengines.com/products/sumner-786960-sumner-gantry-skid-system-for-3-4-2-ton-gantry-1"
771103,2,https://energizedengines.com/products/sumner-771103-screw-hhc-3-8-16-x-4,"https://energizedengines.com/products/sumner-771103-screw-hhc-3-8-16-x-5"
771266,4,https://energizedengines.com/products/sumner-771266-screw-bhc-3-8-16-x-1,"https://energizedengines.com/products/sumner-771266-screw-bhc-3-8-16-x-2 | https://energizedengines.com/products/sumner-771266-screw-bhc-3-8-16-x-3 | https://energizedengines.com/products/sumner-771266-screw-bhc-3-8-16-x-4"
771144,2,https://energizedengines.com/products/sumner-771144-screw-hhc-5-8-11-x-5,"https://energizedengines.com/products/sumner-771144-screw-hhc-5-8-11-x-6"
773052,2,https://energizedengines.com/products/sumner-773052-washer-flat-5-8-sae,"https://energizedengines.com/products/sumner-773052-washer-flat-5-8-sae-1"
775200,2,https://energizedengines.com/products/sumner-775200-bearing-ball-3-4-22612-77,"https://energizedengines.com/products/sumner-775200-bearing-ball-3-4-22612-78"
779215,2,https://energizedengines.com/products/sumner-779215-clamp-manual-tube,"https://energizedengines.com/products/sumner-779215-clamp-manual-tube-1"
776019,2,https://energizedengines.com/products/sumner-776019-screw-thd-cutting-1-4-20-x-1,"https://energizedengines.com/products/sumner-776019-screw-thd-cutting-1-4-20-x-2"
785136,2,https://energizedengines.com/products/sumner-785136-grip-lift-handle,"https://energizedengines.com/products/sumner-785136-grip-lift-handle-1"
'7600142,2,https://energizedengines.com/products/sumner-760014-2-manual-tube,"https://energizedengines.com/products/sumner-760014-2-manual-tube-1"
771098,2,https://energizedengines.com/products/sumner-771098-screw-hhc-3-8-16-x-3-3-4,"https://energizedengines.com/products/sumner-771098-screw-hhc-3-8-16-x-3-3-5"
771267,3,https://energizedengines.com/products/sumner-771267-screw-bhc-3-8-16-x-1-1-4,"https://energizedengines.com/products/sumner-771267-screw-bhc-3-8-16-x-1-1-5 | https://energizedengines.com/products/sumner-771267-screw-bhc-3-8-16-x-1-1-6"
785350,3,https://energizedengines.com/products/sumner-785350-swivel-lock-assembly-gantry-caster,"https://energizedengines.com/products/sumner-785350-swivel-lock-assembly-gantry-caster-1 | https://energizedengines.com/products/sumner-785350-swivel-lock-assembly-gantry-caster-2"
785890,2,https://energizedengines.com/products/sumner-785890-push-button-assembly-gh-5t,"https://energizedengines.com/products/sumner-785890-push-button-assembly-gh-5t-1"
774075,3,https://energizedengines.com/products/sumner-774075-key-606-3-16-x-3-4,"https://energizedengines.com/products/sumner-774075-key-606-3-16-x-3-5 | https://energizedengines.com/products/sumner-774075-key-606-3-16-x-3-6"
776083,2,https://energizedengines.com/products/sumner-776083-retainer-ring-ext-irr3100-98,"https://energizedengines.com/products/sumner-776083-retainer-ring-ext-irr3100-99"
780496,3,https://energizedengines.com/products/sumner-780496-shoulder-screw-modified-cs-51,"https://energizedengines.com/products/sumner-780496-shoulder-screw-modified-cs-52 | https://energizedengines.com/products/sumner-780496-shoulder-screw-modified-cs-53"
774040,2,https://energizedengines.com/products/sumner-774040-spacer-buttite-5-8-x-1,"https://energizedengines.com/products/sumner-774040-spacer-buttite-5-8-x-2"
783495,2,https://energizedengines.com/products/sumner-783495-leg-weldment-outrigger-galv,"https://energizedengines.com/products/sumner-783495-leg-weldment-outrigger-galv-1"
773093,2,https://energizedengines.com/products/sumner-773093-washer-flat-3-8-sae,"https://energizedengines.com/products/sumner-773093-washer-flat-3-8-sae-1"
779046,2,https://energizedengines.com/products/sumner-779046-caster-assy-swivel-w-brake-8x2,"https://energizedengines.com/products/sumner-779046-caster-assy-swivel-w-brake-8x2-1"
784501,2,https://energizedengines.com/products/sumner-784501-shaft-low-speed-pinion-sq-end,"https://energizedengines.com/products/sumner-784501-shaft-low-speed-pinion-sq-end-1"
785381,2,https://energizedengines.com/products/sumner-785381-side-plate-assembly-lh-winch-2-speed,"https://energizedengines.com/products/sumner-785381-side-plate-assembly-lh-winch-2-speed-1"
785382,2,https://energizedengines.com/products/sumner-785382-side-plate-assembly-rh-winch-2-speed,"https://energizedengines.com/products/sumner-785382-side-plate-assembly-rh-winch-2-speed-1"
786575,2,https://energizedengines.com/products/sumner-786575-handle-assembly-cb-lift,"https://energizedengines.com/products/sumner-786575-handle-assembly-cb-lift-1"
786580,2,https://energizedengines.com/products/sumner-786580-handle-assembly-2600-2500,"https://energizedengines.com/products/sumner-786580-handle-assembly-2600-2501"
786645,2,https://energizedengines.com/products/sumner-786645-boom-assembly-2500-counterweight-lift,"https://energizedengines.com/products/sumner-786645-boom-assembly-2500-counterweight-lift-1"
779024,2,https://energizedengines.com/products/sumner-779024-wheel-8-diameter-semi-pnue,"https://energizedengines.com/products/sumner-779024-wheel-8-diameter-semi-pnue-1"
784347,2,https://energizedengines.com/products/sumner-784347-mast-assembly-model-2311,"https://energizedengines.com/products/sumner-784347-mast-assembly-model-2312"
784420,2,https://energizedengines.com/products/sumner-784420-base-assembly-drywall-lift,"https://energizedengines.com/products/sumner-784420-base-assembly-drywall-lift-1"
784355,2,https://energizedengines.com/products/sumner-784355-drywall-cradle-only-1,"https://energizedengines.com/products/sumner-784355-drywall-cradle-only"
784352,2,https://energizedengines.com/products/sumner-784352-mast-assembly-model-2315,"https://energizedengines.com/products/sumner-784352-mast-assembly-model-2316"
771142,5,https://energizedengines.com/products/sumner-771142-screw-hhc-1-2-13-x-7,"https://energizedengines.com/products/sumner-771142-screw-hhc-1-2-13-x-5 | https://energizedengines.com/products/sumner-771142-screw-hhc-1-2-13-x-6 | https://energizedengines.com/products/sumner-771142-screw-hhc-1-2-13-x-4 | https://energizedengines.com/products/sumner-771142-screw-hhc-1-2-13-x-3"
784474,2,https://energizedengines.com/products/sumner-784474-hvac-electrical-cradle-only-1,"https://energizedengines.com/products/sumner-784474-hvac-electrical-cradle-only"
772357,13,https://energizedengines.com/products/sumner-772357-nut-insert-lock-1-2-24,"https://energizedengines.com/products/sumner-772357-nut-insert-lock-1-2-25 | https://energizedengines.com/products/sumner-772357-nut-insert-lock-1-2-18 | https://energizedengines.com/products/sumner-772357-nut-insert-lock-1-2-19 | https://energizedengines.com/products/sumner-772357-nut-insert-lock-1-2-20 | https://energizedengines.com/products/sumner-772357-nut-insert-lock-1-2-21 | https://energizedengines.com/products/sumner-772357-nut-insert-lock-1-2-22 | https://energizedengines.com/products/sumner-772357-nut-insert-lock-1-2-23 | https://energizedengines.com/products/sumner-772357-nut-insert-lock-1-2-16 | https://energizedengines.com/products/sumner-772357-nut-insert-lock-1-2-17 | https://energizedengines.com/products/sumner-772357-nut-insert-lock-1-2-15 | https://energizedengines.com/products/sumner-772357-nut-insert-lock-1-2-14 | https://energizedengines.com/products/sumner-772357-nut-insert-lock-1-2-13"
772355,24,https://energizedengines.com/products/sumner-772355-nut-insert-lock-3-8-36,"https://energizedengines.com/products/sumner-772355-nut-insert-lock-3-8-37 | https://energizedengines.com/products/sumner-772355-nut-insert-lock-3-8-38 | https://energizedengines.com/products/sumner-772355-nut-insert-lock-3-8-39 | https://energizedengines.com/products/sumner-772355-nut-insert-lock-3-8-30 | https://energizedengines.com/products/sumner-772355-nut-insert-lock-3-8-31 | https://energizedengines.com/products/sumner-772355-nut-insert-lock-3-8-32 | https://energizedengines.com/products/sumner-772355-nut-insert-lock-3-8-33 | https://energizedengines.com/products/sumner-772355-nut-insert-lock-3-8-34 | https://energizedengines.com/products/sumner-772355-nut-insert-lock-3-8-35 | https://energizedengines.com/products/sumner-772355-nut-insert-lock-3-8-28 | https://energizedengines.com/products/sumner-772355-nut-insert-lock-3-8-29 | https://energizedengines.com/products/sumner-772355-nut-insert-lock-3-8-27 | https://energizedengines.com/products/sumner-772355-nut-insert-lock-3-8-24 | https://energizedengines.com/products/sumner-772355-nut-insert-lock-3-8-25 | https://energizedengines.com/products/sumner-772355-nut-insert-lock-3-8-26 | https://energizedengines.com/products/sumner-772355-nut-insert-lock-3-8-21 | https://energizedengines.com/products/sumner-772355-nut-insert-lock-3-8-23 | https://energizedengines.com/products/sumner-772355-nut-insert-lock-3-8-22 | https://energizedengines.com/products/sumner-772355-nut-insert-lock-3-8-20 | https://energizedengines.com/products/sumner-772355-nut-insert-lock-3-8-19 | https://energizedengines.com/products/sumner-772355-nut-insert-lock-3-8-18 | https://energizedengines.com/products/sumner-772355-nut-insert-lock-3-8-17 | https://energizedengines.com/products/sumner-772355-nut-insert-lock-3-8-16"
779032,3,https://energizedengines.com/products/sumner-779032-caster-2,"https://energizedengines.com/products/sumner-779032-caster | https://energizedengines.com/products/sumner-779032-caster-1"
776212,26,https://energizedengines.com/products/sumner-776212-spring-c0480-042-1250-m-20,"https://energizedengines.com/products/sumner-776212-spring-c0480-042-1250-m-21 | https://energizedengines.com/products/sumner-776212-spring-c0480-042-1250-m-22 | https://energizedengines.com/products/sumner-776212-spring-c0480-042-1250-m-23 | https://energizedengines.com/products/sumner-776212-spring-c0480-042-1250-m-24 | https://energizedengines.com/products/sumner-776212-spring-c0480-042-1250-m-14 | https://energizedengines.com/products/sumner-776212-spring-c0480-042-1250-m-15 | https://energizedengines.com/products/sumner-776212-spring-c0480-042-1250-m-16 | https://energizedengines.com/products/sumner-776212-spring-c0480-042-1250-m-17 | https://energizedengines.com/products/sumner-776212-spring-c0480-042-1250-m-18 | https://energizedengines.com/products/sumner-776212-spring-c0480-042-1250-m-19 | https://energizedengines.com/products/sumner-776212-spring-c0480-042-1250-m-11 | https://energizedengines.com/products/sumner-776212-spring-c0480-042-1250-m-12 | https://energizedengines.com/products/sumner-776212-spring-c0480-042-1250-m-13 | https://energizedengines.com/products/sumner-776212-spring-c0480-042-1250-m-8 | https://energizedengines.com/products/sumner-776212-spring-c0480-042-1250-m-9 | https://energizedengines.com/products/sumner-776212-spring-c0480-042-1250-m-10 | https://energizedengines.com/products/sumner-776212-spring-c0480-042-1250-m-5 | https://energizedengines.com/products/sumner-776212-spring-c0480-042-1250-m-6 | https://energizedengines.com/products/sumner-776212-spring-c0480-042-1250-m-7 | https://energizedengines.com/products/sumner-776212-spring-c0480-042-1250-m-4 | https://energizedengines.com/products/sumner-776212-spring-c0480-042-1250-m-3 | https://energizedengines.com/products/sumner-776212-spring-c0480-042-1250-m-2 | https://energizedengines.com/products/sumner-776212-spring-c0480-042-1250-m-1 | https://energizedengines.com/products/sumner-776212-spring-c0480-042-1250-m | https://energizedengines.com/products/spring-c0480-042-1250-m"
782510,22,https://energizedengines.com/products/sumner-782510-plunger-17,"https://energizedengines.com/products/sumner-782510-plunger-18 | https://energizedengines.com/products/sumner-782510-plunger-19 | https://energizedengines.com/products/sumner-782510-plunger-20 | https://energizedengines.com/products/sumner-782510-plunger-11 | https://energizedengines.com/products/sumner-782510-plunger-12 | https://energizedengines.com/products/sumner-782510-plunger-13 | https://energizedengines.com/products/sumner-782510-plunger-14 | https://energizedengines.com/products/sumner-782510-plunger-15 | https://energizedengines.com/products/sumner-782510-plunger-16 | https://energizedengines.com/products/sumner-782510-plunger-8 | https://energizedengines.com/products/sumner-782510-plunger-9 | https://energizedengines.com/products/sumner-782510-plunger-10 | https://energizedengines.com/products/sumner-782510-plunger-5 | https://energizedengines.com/products/sumner-782510-plunger-6 | https://energizedengines.com/products/sumner-782510-plunger-7 | https://energizedengines.com/products/sumner-782510-plunger-3 | https://energizedengines.com/products/sumner-782510-plunger-4 | https://energizedengines.com/products/sumner-782510-plunger-2 | https://energizedengines.com/products/sumner-782510-plunger-1 | https://energizedengines.com/products/sumner-782510-plunger | https://energizedengines.com/products/plunger"
775110,20,https://energizedengines.com/products/sumner-775110-split-ring-1-1-4nick-pltd-13,"https://energizedengines.com/products/sumner-775110-split-ring-1-1-4nick-pltd-14 | https://energizedengines.com/products/sumner-775110-split-ring-1-1-4nick-pltd-15 | https://energizedengines.com/products/sumner-775110-split-ring-1-1-4nick-pltd-16 | https://energizedengines.com/products/sumner-775110-split-ring-1-1-4nick-pltd-17 | https://energizedengines.com/products/sumner-775110-split-ring-1-1-4nick-pltd-7 | https://energizedengines.com/products/sumner-775110-split-ring-1-1-4nick-pltd-8 | https://energizedengines.com/products/sumner-775110-split-ring-1-1-4nick-pltd-9 | https://energizedengines.com/products/sumner-775110-split-ring-1-1-4nick-pltd-10 | https://energizedengines.com/products/sumner-775110-split-ring-1-1-4nick-pltd-11 | https://energizedengines.com/products/sumner-775110-split-ring-1-1-4nick-pltd-12 | https://energizedengines.com/products/sumner-775110-split-ring-1-1-4nick-pltd-5 | https://energizedengines.com/products/sumner-775110-split-ring-1-1-4nick-pltd-6 | https://energizedengines.com/products/sumner-775110-split-ring-1-1-4nick-pltd-3 | https://energizedengines.com/products/sumner-775110-split-ring-1-1-4nick-pltd-4 | https://energizedengines.com/products/sumner-775110-split-ring-1-1-4nick-pltd-1 | https://energizedengines.com/products/sumner-775110-split-ring-1-1-4nick-pltd-2 | https://energizedengines.com/products/sumner-775110-split-ring-1-1-4nick-pltd | https://energizedengines.com/products/sumner-775110-split-ring-1-1-4-nickel-plated | https://energizedengines.com/products/split-ring-1-1-4nick-pltd"
779924,2,https://energizedengines.com/products/sumner-779924-1-1-2-caplug,"https://energizedengines.com/products/sumner-779924-1-1-2-caplug-1"
779982,2,https://energizedengines.com/products/sumner-779982-winch-handle-adapter-2300-series-lift,"https://energizedengines.com/products/sumner-779982-winch-handle-adapter-2300-series-lift-1"
771362,2,https://energizedengines.com/products/sumner-771362-screw-shoulder-m8-x-40,"https://energizedengines.com/products/sumner-771362-screw-shoulder-m8-x-41"
784289,4,https://energizedengines.com/products/sumner-784289-winch-handle-assembly-2,"https://energizedengines.com/products/sumner-784289-winch-handle-assembly-3 | https://energizedengines.com/products/sumner-784289-winch-handle-assembly | https://energizedengines.com/products/sumner-784289-winch-handle-assembly-1"
784338,2,https://energizedengines.com/products/sumner-784338-winch-assembly-new-2300-lift-w-handle,"https://energizedengines.com/products/sumner-784338-winch-assembly-new-2300-lift-w-handle-1"
784408,2,https://energizedengines.com/products/sumner-784408-pulley-guard,"https://energizedengines.com/products/sumner-784408-pulley-guard-1"
784412,2,https://energizedengines.com/products/sumner-784412-top-mast-wear-disc,"https://energizedengines.com/products/sumner-784412-top-mast-wear-disc-1"
784391,2,https://energizedengines.com/products/sumner-784391-pulley-brass-2,"https://energizedengines.com/products/sumner-784391-pulley-brass-3"
772502,22,https://energizedengines.com/products/sumner-772502-nut-insert-jam-5-16-39,"https://energizedengines.com/products/sumner-772502-nut-insert-jam-5-16-37 | https://energizedengines.com/products/sumner-772502-nut-insert-jam-5-16-38 | https://energizedengines.com/products/sumner-772502-nut-insert-jam-5-16-30 | https://energizedengines.com/products/sumner-772502-nut-insert-jam-5-16-31 | https://energizedengines.com/products/sumner-772502-nut-insert-jam-5-16-32 | https://energizedengines.com/products/sumner-772502-nut-insert-jam-5-16-33 | https://energizedengines.com/products/sumner-772502-nut-insert-jam-5-16-34 | https://energizedengines.com/products/sumner-772502-nut-insert-jam-5-16-35 | https://energizedengines.com/products/sumner-772502-nut-insert-jam-5-16-36 | https://energizedengines.com/products/sumner-772502-nut-insert-jam-5-16-26 | https://energizedengines.com/products/sumner-772502-nut-insert-jam-5-16-27 | https://energizedengines.com/products/sumner-772502-nut-insert-jam-5-16-28 | https://energizedengines.com/products/sumner-772502-nut-insert-jam-5-16-29 | https://energizedengines.com/products/sumner-772502-nut-insert-jam-5-16-23 | https://energizedengines.com/products/sumner-772502-nut-insert-jam-5-16-24 | https://energizedengines.com/products/sumner-772502-nut-insert-jam-5-16-25 | https://energizedengines.com/products/sumner-772502-nut-insert-jam-5-16-19 | https://energizedengines.com/products/sumner-772502-nut-insert-jam-5-16-22 | https://energizedengines.com/products/sumner-772502-nut-insert-jam-5-16-21 | https://energizedengines.com/products/sumner-772502-nut-insert-jam-5-16-20 | https://energizedengines.com/products/sumner-772502-nut-insert-jam-5-16-18"
774195,2,https://energizedengines.com/products/sumner-774195-mast-hold-down-lanyard-1,"https://energizedengines.com/products/sumner-774195-mast-hold-down-lanyard"
784390,2,https://energizedengines.com/products/sumner-784390-pulley-2-1-4-brass,"https://energizedengines.com/products/sumner-784390-pulley-2-1-4-brass-1"
784447,2,https://energizedengines.com/products/sumner-784447-pulley-spacer-1-5-8-lg,"https://energizedengines.com/products/sumner-784447-pulley-spacer-1-5-8-lg-1"
779905,10,https://energizedengines.com/products/sumner-779905-cap-2-od-tube-black-9,"https://energizedengines.com/products/sumner-779905-cap-2-od-tube-black-7 | https://energizedengines.com/products/sumner-779905-cap-2-od-tube-black-8 | https://energizedengines.com/products/sumner-779905-cap-2-od-tube-black-5 | https://energizedengines.com/products/sumner-779905-cap-2-od-tube-black-6 | https://energizedengines.com/products/sumner-779905-cap-2-od-tube-black-4 | https://energizedengines.com/products/sumner-779905-cap-2-od-tube-black-2 | https://energizedengines.com/products/sumner-779905-cap-2-od-tube-black-3 | https://energizedengines.com/products/sumner-779905-cap-2-od-tube-black-1 | https://energizedengines.com/products/sumner-779905-cap-2-od-tube-black"
784405,2,https://energizedengines.com/products/sumner-784405-center-mast-wear-pad,"https://energizedengines.com/products/sumner-784405-center-mast-wear-pad-1"
784451,2,https://energizedengines.com/products/sumner-784451-center-outer-mast-wear-pad,"https://energizedengines.com/products/sumner-784451-center-outer-mast-wear-pad-1"
776216,4,https://energizedengines.com/products/sumner-776216-spring-century-71926,"https://energizedengines.com/products/sumner-776216-spring-century-71925 | https://energizedengines.com/products/sumner-776216-spring-century-71924 | https://energizedengines.com/products/spring-century-71924"
773040,15,https://energizedengines.com/products/sumner-773040-washer-flat-3-22,"https://energizedengines.com/products/sumner-773040-washer-flat-3-16 | https://energizedengines.com/products/sumner-773040-washer-flat-3-17 | https://energizedengines.com/products/sumner-773040-washer-flat-3-18 | https://energizedengines.com/products/sumner-773040-washer-flat-3-19 | https://energizedengines.com/products/sumner-773040-washer-flat-3-20 | https://energizedengines.com/products/sumner-773040-washer-flat-3-21 | https://energizedengines.com/products/sumner-773040-washer-flat-3-15 | https://energizedengines.com/products/sumner-773040-washer-flat-3-12 | https://energizedengines.com/products/sumner-773040-washer-flat-3-13 | https://energizedengines.com/products/sumner-773040-washer-flat-3-14 | https://energizedengines.com/products/sumner-773040-washer-flat-3-9 | https://energizedengines.com/products/sumner-773040-washer-flat-3-11 | https://energizedengines.com/products/sumner-773040-washer-flat-3-10 | https://energizedengines.com/products/sumner-773040-washer-flat-3-8"
773094,9,https://energizedengines.com/products/sumner-773094-washer-flat-sae-1-10,"https://energizedengines.com/products/sumner-773094-washer-flat-sae-1-6 | https://energizedengines.com/products/sumner-773094-washer-flat-sae-1-7 | https://energizedengines.com/products/sumner-773094-washer-flat-sae-1-8 | https://energizedengines.com/products/sumner-773094-washer-flat-sae-1-9 | https://energizedengines.com/products/sumner-773094-washer-flat-sae-1-5 | https://energizedengines.com/products/sumner-773094-washer-flat-sae-1-3 | https://energizedengines.com/products/sumner-773094-washer-flat-sae-1-4 | https://energizedengines.com/products/sumner-773094-washer-flat-sae-1-2"
776042,5,https://energizedengines.com/products/sumner-776042-screw-self-tap-ph-8-32-x-1-6,"https://energizedengines.com/products/sumner-776042-screw-self-tap-ph-8-32-x-1-4 | https://energizedengines.com/products/sumner-776042-screw-self-tap-ph-8-32-x-1-5 | https://energizedengines.com/products/sumner-776042-screw-self-tap-ph-8-32-x-1-3 | https://energizedengines.com/products/sumner-776042-screw-self-tap-ph-8-32-x-1-2"
773550,6,https://energizedengines.com/products/sumner-773550-washer-lock-1-8,"https://energizedengines.com/products/sumner-773550-washer-lock-1-7 | https://energizedengines.com/products/sumner-773550-washer-lock-1-6 | https://energizedengines.com/products/sumner-773550-washer-lock-1-5 | https://energizedengines.com/products/sumner-773550-washer-lock-1-4 | https://energizedengines.com/products/sumner-773550-1-4-lock-washer"
779629,2,https://energizedengines.com/products/sumner-779629-end-cap-sq-1-1-2-x-1-1-2,"https://energizedengines.com/products/sumner-779629-end-cap-sq-1-1-2-x-1-1-3"
784286,2,https://energizedengines.com/products/sumner-784286-2-speed-handle-weldment-1,"https://energizedengines.com/products/sumner-784286-2-speed-handle-weldment"
772358,23,https://energizedengines.com/products/sumner-772358-nut-hex-jam-lock-1-2-35,"https://energizedengines.com/products/sumner-772358-nut-hex-jam-lock-1-2-34 | https://energizedengines.com/products/sumner-772358-nut-hex-jam-lock-1-2-24 | https://energizedengines.com/products/sumner-772358-nut-hex-jam-lock-1-2-25 | https://energizedengines.com/products/sumner-772358-nut-hex-jam-lock-1-2-26 | https://energizedengines.com/products/sumner-772358-nut-hex-jam-lock-1-2-27 | https://energizedengines.com/products/sumner-772358-nut-hex-jam-lock-1-2-28 | https://energizedengines.com/products/sumner-772358-nut-hex-jam-lock-1-2-29 | https://energizedengines.com/products/sumner-772358-nut-hex-jam-lock-1-2-30 | https://energizedengines.com/products/sumner-772358-nut-hex-jam-lock-1-2-31 | https://energizedengines.com/products/sumner-772358-nut-hex-jam-lock-1-2-32 | https://energizedengines.com/products/sumner-772358-nut-hex-jam-lock-1-2-33 | https://energizedengines.com/products/sumner-772358-nut-hex-jam-lock-1-2-23 | https://energizedengines.com/products/sumner-772358-nut-hex-jam-lock-1-2-18 | https://energizedengines.com/products/sumner-772358-nut-hex-jam-lock-1-2-19 | https://energizedengines.com/products/sumner-772358-nut-hex-jam-lock-1-2-20 | https://energizedengines.com/products/sumner-772358-nut-hex-jam-lock-1-2-21 | https://energizedengines.com/products/sumner-772358-nut-hex-jam-lock-1-2-22 | https://energizedengines.com/products/sumner-772358-nut-hex-jam-lock-1-2-17 | https://energizedengines.com/products/sumner-772358-nut-hex-jam-lock-1-2-16 | https://energizedengines.com/products/sumner-772358-nut-hex-jam-lock-1-2-15 | https://energizedengines.com/products/sumner-772358-nut-hex-jam-lock-1-2-14 | https://energizedengines.com/products/sumner-772358-nut-hex-jam-lock-1-2-13"
780182,8,https://energizedengines.com/products/sumner-780182-winch-handle-sleeve-7,"https://energizedengines.com/products/sumner-780182-winch-handle-sleeve-6 | https://energizedengines.com/products/sumner-780182-winch-handle-sleeve-5 | https://energizedengines.com/products/sumner-780182-winch-handle-sleeve-4 | https://energizedengines.com/products/sumner-780182-winch-handle-sleeve-3 | https://energizedengines.com/products/sumner-780182-winch-handle-sleeve-1 | https://energizedengines.com/products/sumner-780182-winch-handle-sleeve-2 | https://energizedengines.com/products/sumner-780182-winch-handle-sleeve"
774180,7,https://energizedengines.com/products/sumner-774180-spring-plunger-1-4-dia-6,"https://energizedengines.com/products/sumner-774180-spring-plunger-1-4-dia-5 | https://energizedengines.com/products/sumner-774180-spring-plunger-1-4-dia-4 | https://energizedengines.com/products/sumner-774180-spring-plunger-1-4-dia-3 | https://energizedengines.com/products/sumner-774180-spring-plunger-1-4-dia-2 | https://energizedengines.com/products/sumner-774180-spring-plunger-1-4-dia-1 | https://energizedengines.com/products/sumner-774180-spring-plunger-1-4-dia"
778450,3,https://energizedengines.com/products/sumner-778450-label-label-sumner-2200-lift-2,"https://energizedengines.com/products/sumner-778450-label-label-sumner-2200-lift-1 | https://energizedengines.com/products/sumner-778450-label-label-sumner-2200-lift"
779011,3,https://energizedengines.com/products/sumner-779011-wheel-10-rubber-tire-2,"https://energizedengines.com/products/sumner-779011-wheel-10-rubber-tire-1 | https://energizedengines.com/products/sumner-779011-wheel-10-rubber-tire"
774054,3,https://energizedengines.com/products/sumner-774054-cotter-circle-z-p-072x-1-1-10,"https://energizedengines.com/products/sumner-774054-cotter-circle-z-p-072x-1-1-9 | https://energizedengines.com/products/sumner-774054-cotter-circle-z-p-072x-1-1-8"
773051,3,https://energizedengines.com/products/sumner-773051-washer-flat-5-10,"https://energizedengines.com/products/sumner-773051-washer-flat-5-9 | https://energizedengines.com/products/sumner-773051-washer-flat-5-8"
'783824BLK,2,https://energizedengines.com/products/sumner-783824-blk-btm-mast-assy-hd,"https://energizedengines.com/products/sumner-783824-blk-btm-mast-assy-hd-1"
783802,2,https://energizedengines.com/products/sumner-783802-base-assembly-eventer,"https://energizedengines.com/products/sumner-783802-base-assembly-eventer-1"
783810,2,https://energizedengines.com/products/sumner-783810-carriage-assy-eventer,"https://energizedengines.com/products/sumner-783810-carriage-assy-eventer-1"
'783826BLK,2,https://energizedengines.com/products/sumner-783826-blk-top-mast-assy-hd,"https://energizedengines.com/products/sumner-783826-blk-top-mast-assy-hd-1"
783804,2,https://energizedengines.com/products/sumner-783804-front-leg-assy-eventer,"https://energizedengines.com/products/sumner-783804-front-leg-assy-eventer-1"
783575,16,https://energizedengines.com/products/sumner-783575-stop-block-9,"https://energizedengines.com/products/sumner-783575-stop-block-10 | https://energizedengines.com/products/sumner-783575-stop-block-11 | https://energizedengines.com/products/sumner-783575-stop-block-12 | https://energizedengines.com/products/sumner-783575-stop-block-13 | https://energizedengines.com/products/sumner-783575-stop-block-14 | https://energizedengines.com/products/sumner-783575-stop-block-6 | https://energizedengines.com/products/sumner-783575-stop-block-7 | https://energizedengines.com/products/sumner-783575-stop-block-8 | https://energizedengines.com/products/sumner-783575-stop-block-3 | https://energizedengines.com/products/sumner-783575-stop-block-4 | https://energizedengines.com/products/sumner-783575-stop-block-5 | https://energizedengines.com/products/sumner-783575-stop-block-2 | https://energizedengines.com/products/sumner-783575-stop-block-1 | https://energizedengines.com/products/sumner-783575-stop-block | https://energizedengines.com/products/stop-block"
783805,2,https://energizedengines.com/products/sumner-783805-rear-leg-assy-eventer,"https://energizedengines.com/products/sumner-783805-rear-leg-assy-eventer-1"
783505,3,https://energizedengines.com/products/sumner-783505-mast-cover-middle-1,"https://energizedengines.com/products/sumner-783505-mast-cover-middle-2 | https://energizedengines.com/products/sumner-783505-mast-cover-middle"
771257,12,https://energizedengines.com/products/sumner-771257-screw-shc-1-2-13-x-1-1-8,"https://energizedengines.com/products/sumner-771257-screw-shc-1-2-13-x-1-1-9 | https://energizedengines.com/products/sumner-771257-screw-shc-1-2-13-x-1-1-10 | https://energizedengines.com/products/sumner-771257-screw-shc-1-2-13-x-1-1-11 | https://energizedengines.com/products/sumner-771257-screw-shc-1-2-13-x-1-1-12 | https://energizedengines.com/products/sumner-771257-screw-shc-1-2-13-x-1-1-13 | https://energizedengines.com/products/sumner-771257-screw-shc-1-2-13-x-1-1-5 | https://energizedengines.com/products/sumner-771257-screw-shc-1-2-13-x-1-1-6 | https://energizedengines.com/products/sumner-771257-screw-shc-1-2-13-x-1-1-7 | https://energizedengines.com/products/sumner-771257-screw-shc-1-2-13-x-1-1-2 | https://energizedengines.com/products/sumner-771257-screw-shc-1-2-13-x-1-1-4 | https://energizedengines.com/products/sumner-771257-screw-shc-1-2-13-x-1-1-3"
771239,12,https://energizedengines.com/products/sumner-771239-screw-bhc-5-16-18-x-7-17,"https://energizedengines.com/products/sumner-771239-screw-bhc-5-16-18-x-7-18 | https://energizedengines.com/products/sumner-771239-screw-bhc-5-16-18-x-7-12 | https://energizedengines.com/products/sumner-771239-screw-bhc-5-16-18-x-7-13 | https://energizedengines.com/products/sumner-771239-screw-bhc-5-16-18-x-7-14 | https://energizedengines.com/products/sumner-771239-screw-bhc-5-16-18-x-7-15 | https://energizedengines.com/products/sumner-771239-screw-bhc-5-16-18-x-7-16 | https://energizedengines.com/products/sumner-771239-screw-bhc-5-16-18-x-7-11 | https://energizedengines.com/products/spacer-caster-plate | https://energizedengines.com/products/sumner-771239-screw-bhc-5-16-18-x-7-8 | https://energizedengines.com/products/sumner-771239-screw-bhc-5-16-18-x-7-10 | https://energizedengines.com/products/sumner-771239-screw-bhc-5-16-18-x-7-9"
783813,3,https://energizedengines.com/products/sumner-783813-mast-cover-top-1,"https://energizedengines.com/products/sumner-783813-mast-cover-top-2 | https://energizedengines.com/products/sumner-783813-mast-cover-top"
783864,2,https://energizedengines.com/products/sumner-783864-leg-storage-assy,"https://energizedengines.com/products/sumner-783864-leg-storage-assy-1"
779012,9,https://energizedengines.com/products/sumner-779012-wheel-poly-olefin-3-inch-5,"https://energizedengines.com/products/sumner-779012-wheel-poly-olefin-3-inch-6 | https://energizedengines.com/products/sumner-779012-wheel-poly-olefin-3-inch-7 | https://energizedengines.com/products/sumner-779012-wheel-poly-olefin-3-inch-8 | https://energizedengines.com/products/sumner-779012-wheel-poly-olefin-3-inch-3 | https://energizedengines.com/products/sumner-779012-wheel-poly-olefin-3-inch-4 | https://energizedengines.com/products/sumner-779012-wheel-poly-olefin-3-inch-2 | https://energizedengines.com/products/sumner-779012-wheel-poly-olefin-3-inch-1 | https://energizedengines.com/products/sumner-779012-wheel-poly-olefin-3-inch"
783834,3,https://energizedengines.com/products/sumner-783834-load-line-assy-2015-lift-1,"https://energizedengines.com/products/sumner-783834-load-line-assy-2015-lift-2 | https://energizedengines.com/products/sumner-783834-load-line-assy-2015-lift"
771060,5,https://energizedengines.com/products/sumner-771060-screw-hhc-3-8-16-x-1-1-5,"https://energizedengines.com/products/sumner-771060-screw-hhc-3-8-16-x-1-1-6 | https://energizedengines.com/products/sumner-771060-screw-hhc-3-8-16-x-1-1-7 | https://energizedengines.com/products/sumner-771060-screw-hhc-3-8-16-x-1-1-8 | https://energizedengines.com/products/sumner-771060-screw-hhc-3-8-16-x-1-1-4"
783856,3,https://energizedengines.com/products/sumner-783856-load-line-assy-2025-lift-1,"https://energizedengines.com/products/sumner-783856-load-line-assy-2025-lift-2 | https://energizedengines.com/products/sumner-783856-load-line-assy-2025-lift"
783551,5,https://energizedengines.com/products/sumner-783551-lock-block-2,"https://energizedengines.com/products/sumner-783551-lock-block-3 | https://energizedengines.com/products/sumner-783551-lock-block-1 | https://energizedengines.com/products/sumner-783551-lock-block | https://energizedengines.com/products/lock-block"
782910,6,https://energizedengines.com/products/sumner-782910-rope-ret-washer-4,"https://energizedengines.com/products/sumner-782910-rope-ret-washer-5 | https://energizedengines.com/products/sumner-782910-rope-ret-washer-2 | https://energizedengines.com/products/sumner-782910-rope-ret-washer-3 | https://energizedengines.com/products/sumner-782910-rope-ret-washer-1 | https://energizedengines.com/products/sumner-782910-rope-ret-washer"
771248,4,https://energizedengines.com/products/sumner-771248-screw-fhsc-3-8-16-x-4,"https://energizedengines.com/products/sumner-771248-screw-fhsc-3-8-16-x-5 | https://energizedengines.com/products/sumner-771248-screw-fhsc-3-8-16-x-3 | https://energizedengines.com/products/sumner-771248-screw-fhsc-3-8-16-x-2"
783828,2,https://energizedengines.com/products/sumner-783828-mast-brace-rh-eventer,"https://energizedengines.com/products/sumner-783828-mast-brace-rh-eventer-1"
778384,2,https://energizedengines.com/products/sumner-778384-label-kit-eventer,"https://energizedengines.com/products/sumner-778384-label-kit-eventer-1"
774053,16,https://energizedengines.com/products/sumner-774053-cotter-circle-z-p-048-x-3-18,"https://energizedengines.com/products/sumner-774053-cotter-circle-z-p-048-x-3-19 | https://energizedengines.com/products/sumner-774053-cotter-circle-z-p-048-x-3-12 | https://energizedengines.com/products/sumner-774053-cotter-circle-z-p-048-x-3-13 | https://energizedengines.com/products/sumner-774053-cotter-circle-z-p-048-x-3-14 | https://energizedengines.com/products/sumner-774053-cotter-circle-z-p-048-x-3-15 | https://energizedengines.com/products/sumner-774053-cotter-circle-z-p-048-x-3-16 | https://energizedengines.com/products/sumner-774053-cotter-circle-z-p-048-x-3-17 | https://energizedengines.com/products/sumner-774053-cotter-circle-z-p-048-x-3-8 | https://energizedengines.com/products/sumner-774053-cotter-circle-z-p-048-x-3-9 | https://energizedengines.com/products/sumner-774053-cotter-circle-z-p-048-x-3-10 | https://energizedengines.com/products/sumner-774053-cotter-circle-z-p-048-x-3-11 | https://energizedengines.com/products/sumner-774053-cotter-circle-z-p-048-x-3-6 | https://energizedengines.com/products/sumner-774053-cotter-circle-z-p-048-x-3-7 | https://energizedengines.com/products/sumner-774053-cotter-circle-z-p-048-x-3-5 | https://energizedengines.com/products/sumner-774053-cotter-circle-z-p-048-x-3-4"
783885,2,https://energizedengines.com/products/sumner-783885-brake-kit-for-2025-eventer25,"https://energizedengines.com/products/sumner-783885-brake-kit-for-2025-eventer25-1"
779006,2,https://energizedengines.com/products/sumner-779006-caster-hd-4,"https://energizedengines.com/products/sumner-779006-caster-hd-5"
783803,2,https://energizedengines.com/products/sumner-783803-base-weldment-eventer,"https://energizedengines.com/products/sumner-783803-base-weldment-eventer-1"
783476,2,https://energizedengines.com/products/sumner-783476-caster-mtg-plate-4-hd,"https://energizedengines.com/products/sumner-783476-caster-mtg-plate-4-hd-1"
780711,2,https://energizedengines.com/products/sumner-780711-skid-pad-eventer-base,"https://energizedengines.com/products/sumner-780711-skid-pad-eventer-base-1"
771090,8,https://energizedengines.com/products/sumner-771090-screw-hhc-3-8-16-x-1-1-8,"https://energizedengines.com/products/sumner-771090-screw-hhc-3-8-16-x-1-1-9 | https://energizedengines.com/products/sumner-771090-screw-hhc-3-8-16-x-1-1-6 | https://energizedengines.com/products/sumner-771090-screw-hhc-3-8-16-x-1-1-7 | https://energizedengines.com/products/sumner-771090-screw-hhc-3-8-16-x-1-1-4 | https://energizedengines.com/products/sumner-771090-screw-hhc-3-8-16-x-1-1-5 | https://energizedengines.com/products/sumner-771090-screw-hhc-3-8-16-x-1-1-3 | https://energizedengines.com/products/sumner-771090-screw-hhc-3-8-16-x-1-1-2"
773400,2,https://energizedengines.com/products/sumner-773400-level-circular-bubble,"https://energizedengines.com/products/sumner-773400-level-circular-bubble-1"
772350,23,https://energizedengines.com/products/sumner-772350-nut-insert-jam-3-8-30,"https://energizedengines.com/products/sumner-772350-nut-insert-jam-3-8-31 | https://energizedengines.com/products/sumner-772350-nut-insert-jam-3-8-32 | https://energizedengines.com/products/sumner-772350-nut-insert-jam-3-8-33 | https://energizedengines.com/products/sumner-772350-nut-insert-jam-3-8-34 | https://energizedengines.com/products/sumner-772350-nut-insert-jam-3-8-35 | https://energizedengines.com/products/sumner-772350-nut-insert-jam-3-8-36 | https://energizedengines.com/products/sumner-772350-nut-insert-jam-3-8-37 | https://energizedengines.com/products/sumner-772350-nut-insert-jam-3-8-38 | https://energizedengines.com/products/sumner-772350-nut-insert-jam-3-8-26 | https://energizedengines.com/products/sumner-772350-nut-insert-jam-3-8-27 | https://energizedengines.com/products/sumner-772350-nut-insert-jam-3-8-28 | https://energizedengines.com/products/sumner-772350-nut-insert-jam-3-8-29 | https://energizedengines.com/products/sumner-772350-nut-insert-jam-3-8-21 | https://energizedengines.com/products/sumner-772350-nut-insert-jam-3-8-22 | https://energizedengines.com/products/sumner-772350-nut-insert-jam-3-8-23 | https://energizedengines.com/products/sumner-772350-nut-insert-jam-3-8-24 | https://energizedengines.com/products/sumner-772350-nut-insert-jam-3-8-25 | https://energizedengines.com/products/sumner-772350-nut-insert-jam-3-8-20 | https://energizedengines.com/products/sumner-772350-nut-insert-jam-3-8-19 | https://energizedengines.com/products/sumner-772350-nut-insert-jam-3-8-18 | https://energizedengines.com/products/sumner-772350-nut-insert-jam-3-8-17 | https://energizedengines.com/products/sumner-772350-nut-insert-jam-3-8-16"
771100,7,https://energizedengines.com/products/sumner-771100-screw-hhc-3-8-16-x-1-3-6,"https://energizedengines.com/products/sumner-771100-screw-hhc-3-8-16-x-1-3-7 | https://energizedengines.com/products/sumner-771100-screw-hhc-3-8-16-x-1-3-8 | https://energizedengines.com/products/sumner-771100-screw-hhc-3-8-16-x-1-3-9 | https://energizedengines.com/products/sumner-771100-screw-hhc-3-8-16-x-1-3-10 | https://energizedengines.com/products/sumner-771100-screw-hhc-3-8-16-x-1-3-5 | https://energizedengines.com/products/sumner-771100-screw-hhc-3-8-16-x-1-3-4"
783537,4,https://energizedengines.com/products/sumner-783537-pulley-mounting-bracket-1,"https://energizedengines.com/products/sumner-783537-pulley-mounting-bracket-2 | https://energizedengines.com/products/sumner-783537-pulley-mounting-bracket | https://energizedengines.com/products/pulley-mounting-bracket"
'783808BLK,2,https://energizedengines.com/products/sumner-783808-blk-mast-fabrication,"https://energizedengines.com/products/sumner-783808-blk-mast-fabrication-1"
773096,11,https://energizedengines.com/products/sumner-773096-washer-flat-7-16-sae-7,"https://energizedengines.com/products/sumner-773096-washer-flat-7-16-sae-8 | https://energizedengines.com/products/sumner-773096-washer-flat-7-16-sae-9 | https://energizedengines.com/products/sumner-773096-washer-flat-7-16-sae-10 | https://energizedengines.com/products/sumner-773096-washer-flat-7-16-sae-6 | https://energizedengines.com/products/sumner-773096-washer-flat-7-16-sae-3 | https://energizedengines.com/products/sumner-773096-washer-flat-7-16-sae-4 | https://energizedengines.com/products/sumner-773096-washer-flat-7-16-sae-5 | https://energizedengines.com/products/sumner-773096-washer-flat-7-16-sae-2 | https://energizedengines.com/products/sumner-773096-washer-flat-7-16-sae-1 | https://energizedengines.com/products/sumner-773096-washer-flat-7-16-sae"
783536,8,https://energizedengines.com/products/sumner-783536-pulley-guard-4,"https://energizedengines.com/products/sumner-783536-pulley-guard-5 | https://energizedengines.com/products/sumner-783536-pulley-guard-6 | https://energizedengines.com/products/sumner-783536-pulley-guard-7 | https://energizedengines.com/products/sumner-783536-pulley-guard-2 | https://energizedengines.com/products/sumner-783536-pulley-guard-3 | https://energizedengines.com/products/sumner-783536-pulley-guard-1 | https://energizedengines.com/products/sumner-783536-pulley-guard"
772505,6,https://energizedengines.com/products/sumner-772505-nut-jam-lock-12mm-4,"https://energizedengines.com/products/sumner-772505-nut-jam-lock-12mm-5 | https://energizedengines.com/products/sumner-772505-nut-jam-lock-12mm-2 | https://energizedengines.com/products/sumner-772505-nut-jam-lock-12mm-3 | https://energizedengines.com/products/sumner-772505-nut-jam-lock-12mm-1 | https://energizedengines.com/products/sumner-772505-nut-jam-lock-12mm"
771161,7,https://energizedengines.com/products/sumner-771161-screw-hhc-12-x-40-mm-3,"https://energizedengines.com/products/sumner-771161-screw-hhc-12-x-40-mm-4 | https://energizedengines.com/products/sumner-771161-screw-hhc-12-x-40-mm-5 | https://energizedengines.com/products/sumner-771161-screw-hhc-12-x-40-mm-6 | https://energizedengines.com/products/sumner-771161-screw-hhc-12-x-40-mm-1 | https://energizedengines.com/products/sumner-771161-screw-hhc-12-x-40-mm-2 | https://energizedengines.com/products/sumner-771161-screw-hhc-12-x-40-mm"
783540,8,https://energizedengines.com/products/sumner-783540-mast-roller-4,"https://energizedengines.com/products/sumner-783540-mast-roller-5 | https://energizedengines.com/products/sumner-783540-mast-roller-6 | https://energizedengines.com/products/sumner-783540-mast-roller-7 | https://energizedengines.com/products/sumner-783540-mast-roller-2 | https://energizedengines.com/products/sumner-783540-mast-roller-3 | https://energizedengines.com/products/sumner-783540-mast-roller-1 | https://energizedengines.com/products/sumner-783540-mast-roller"
771350,14,https://energizedengines.com/products/sumner-771350-screw-shoulder-1-2-x-1-10,"https://energizedengines.com/products/sumner-771350-screw-shoulder-1-2-x-1-11 | https://energizedengines.com/products/sumner-771350-screw-shoulder-1-2-x-1-12 | https://energizedengines.com/products/sumner-771350-screw-shoulder-1-2-x-1-13 | https://energizedengines.com/products/sumner-771350-screw-shoulder-1-2-x-1-14 | https://energizedengines.com/products/sumner-771350-screw-shoulder-1-2-x-1-15 | https://energizedengines.com/products/sumner-771350-screw-shoulder-1-2-x-1-8 | https://energizedengines.com/products/sumner-771350-screw-shoulder-1-2-x-1-9 | https://energizedengines.com/products/sumner-771350-screw-shoulder-1-2-x-1-5 | https://energizedengines.com/products/sumner-771350-screw-shoulder-1-2-x-1-6 | https://energizedengines.com/products/sumner-771350-screw-shoulder-1-2-x-1-7 | https://energizedengines.com/products/sumner-771350-screw-shoulder-1-2-x-1-4 | https://energizedengines.com/products/sumner-771350-screw-shoulder-1-2-x-1-3 | https://energizedengines.com/products/sumner-771350-screw-shoulder-1-2-x-1-2"
783503,4,https://energizedengines.com/products/sumner-783503-backing-plate-weldment-2,"https://energizedengines.com/products/sumner-783503-backing-plate-weldment-3 | https://energizedengines.com/products/sumner-783503-backing-plate-weldment-1 | https://energizedengines.com/products/sumner-783503-backing-plate-weldment"
772800,8,https://energizedengines.com/products/sumner-772800-nut-insert-lock-12mm-4,"https://energizedengines.com/products/sumner-772800-nut-insert-lock-12mm-5 | https://energizedengines.com/products/sumner-772800-nut-insert-lock-12mm-6 | https://energizedengines.com/products/sumner-772800-nut-insert-lock-12mm-7 | https://energizedengines.com/products/sumner-772800-nut-insert-lock-12mm-2 | https://energizedengines.com/products/sumner-772800-nut-insert-lock-12mm-3 | https://energizedengines.com/products/sumner-772800-nut-insert-lock-12mm-1 | https://energizedengines.com/products/sumner-772800-nut-insert-lock-12mm"
783649,5,https://energizedengines.com/products/sumner-783649-top-reinforcement-bracket-2,"https://energizedengines.com/products/sumner-783649-top-reinforcement-bracket-3 | https://energizedengines.com/products/sumner-783649-top-reinforcement-bracket-1 | https://energizedengines.com/products/sumner-783649-top-reinforcement-bracket | https://energizedengines.com/products/top-reinforcement-bracket"
771107,8,https://energizedengines.com/products/sumner-771107-screw-hhc-3-8-16-x-7,"https://energizedengines.com/products/sumner-771107-screw-hhc-3-8-16-x-8 | https://energizedengines.com/products/sumner-771107-screw-hhc-3-8-16-x-5 | https://energizedengines.com/products/sumner-771107-screw-hhc-3-8-16-x-6 | https://energizedengines.com/products/sumner-771107-screw-hhc-3-8-16-x-4 | https://energizedengines.com/products/sumner-771107-screw-hhc-3-8-16-x-3 | https://energizedengines.com/products/sumner-771107-screw-hhc-3-8-16-x-2 | https://energizedengines.com/products/sumner-771107-screw-hhc-3-8-16-x-1"
771258,4,https://energizedengines.com/products/sumner-771258-screw-sch-1-2-13x-3,"https://energizedengines.com/products/sumner-771258-screw-sch-1-2-13x-4 | https://energizedengines.com/products/sumner-771258-screw-sch-1-2-13x-2 | https://energizedengines.com/products/sumner-771258-screw-sch-1-2-13x-1"
773022,6,https://energizedengines.com/products/sumner-773022-washer-fl-hard-41,"https://energizedengines.com/products/sumner-773022-washer-fl-hard-42 | https://energizedengines.com/products/sumner-773022-washer-fl-hard-43 | https://energizedengines.com/products/sumner-773022-washer-fl-hard-39 | https://energizedengines.com/products/sumner-773022-washer-fl-hard-40 | https://energizedengines.com/products/sumner-773022-washer-fl-hard-38"
773060,8,https://energizedengines.com/products/sumner-773060-washer-flat-1-8,"https://energizedengines.com/products/sumner-773060-washer-flat-1-9 | https://energizedengines.com/products/sumner-773060-washer-flat-1-5 | https://energizedengines.com/products/sumner-773060-washer-flat-1-6 | https://energizedengines.com/products/sumner-773060-washer-flat-1-7 | https://energizedengines.com/products/sumner-773060-washer-flat-1-4 | https://energizedengines.com/products/sumner-773060-washer-flat-1-3 | https://energizedengines.com/products/sumner-773060-washer-flat-1-2"
783822,2,https://energizedengines.com/products/sumner-783822-carriage-black-anodized,"https://energizedengines.com/products/sumner-783822-carriage-black-anodized-1"
783694,5,https://energizedengines.com/products/sumner-783694-stop-block-wedge-top-mast-only-2,"https://energizedengines.com/products/sumner-783694-stop-block-wedge-top-mast-only-3 | https://energizedengines.com/products/sumner-783694-stop-block-wedge-top-mast-only-1 | https://energizedengines.com/products/sumner-783694-stop-block-wedge-top-mast-only | https://energizedengines.com/products/stop-block-wedge-top-mast-only"
'783596BLK,2,https://energizedengines.com/products/sumner-783596-blk-side-plate-weldment-rh-black,"https://energizedengines.com/products/sumner-783596-blk-side-plate-weldment-rh-black-1"
'783599BLK,2,https://energizedengines.com/products/sumner-783599-blk-spacer-winch-side-plate-black,"https://energizedengines.com/products/sumner-783599-blk-spacer-winch-side-plate-black-1"
'783593BLK,2,https://energizedengines.com/products/sumner-783593-blk-side-plate-weldment-lh-black,"https://energizedengines.com/products/sumner-783593-blk-side-plate-weldment-lh-black-1"
775092,2,https://energizedengines.com/products/sumner-775092-bush-bz-7-8-x-1-x-1-2,"https://energizedengines.com/products/sumner-775092-bush-bz-7-8-x-1-x-1-3"
783606,5,https://energizedengines.com/products/sumner-783606-drum-spacer-shaft-2,"https://energizedengines.com/products/sumner-783606-drum-spacer-shaft-3 | https://energizedengines.com/products/sumner-783606-drum-spacer-shaft-1 | https://energizedengines.com/products/sumner-783606-drum-spacer-shaft | https://energizedengines.com/products/drum-spacer-shaft"
780211,4,https://energizedengines.com/products/sumner-780211-plate-inner-brake-disc-wj-15,"https://energizedengines.com/products/sumner-780211-plate-inner-brake-disc-wj-16 | https://energizedengines.com/products/sumner-780211-plate-inner-brake-disc-wj-14 | https://energizedengines.com/products/plate-inner-brake-disc-wj-14"
783754,5,https://energizedengines.com/products/sumner-783754-drive-shaft-mx-winch-2,"https://energizedengines.com/products/sumner-783754-drive-shaft-mx-winch-3 | https://energizedengines.com/products/sumner-783754-drive-shaft-mx-winch-1 | https://energizedengines.com/products/sumner-783754-drive-shaft-mx-winch | https://energizedengines.com/products/drive-shaft-mx-winch"
780212,6,https://energizedengines.com/products/sumner-780212-plate-outer-brake-disc-wj-18,"https://energizedengines.com/products/sumner-780212-plate-outer-brake-disc-wj-19 | https://energizedengines.com/products/sumner-780212-plate-outer-brake-disc-wj-17 | https://energizedengines.com/products/sumner-780212-plate-outer-brake-disc-wj-16 | https://energizedengines.com/products/sumner-780212-plate-outer-brake-disc-wj-15 | https://energizedengines.com/products/plate-outer-brake-disc-wj-15"
780214,6,https://energizedengines.com/products/sumner-780214-brake-ratchet-wj-20,"https://energizedengines.com/products/sumner-780214-brake-ratchet-wj-21 | https://energizedengines.com/products/sumner-780214-brake-ratchet-wj-19 | https://energizedengines.com/products/sumner-780214-brake-ratchet-wj-18 | https://energizedengines.com/products/sumner-780214-brake-ratchet-wj-17 | https://energizedengines.com/products/brake-ratchet-wj-17"
783615,5,https://energizedengines.com/products/sumner-783615-brake-disk-2,"https://energizedengines.com/products/sumner-783615-brake-disk-3 | https://energizedengines.com/products/sumner-783615-brake-disk-1 | https://energizedengines.com/products/sumner-783615-brake-disk | https://energizedengines.com/products/brake-disk"
780216,6,https://energizedengines.com/products/sumner-780216-hoist-ratchet-dog-wj-22,"https://energizedengines.com/products/sumner-780216-hoist-ratchet-dog-wj-23 | https://energizedengines.com/products/sumner-780216-hoist-ratchet-dog-wj-21 | https://energizedengines.com/products/sumner-780216-hoist-ratchet-dog-wj-20 | https://energizedengines.com/products/sumner-780216-hoist-ratchet-dog-wj-19 | https://energizedengines.com/products/hoist-ratchet-dog-wj-19"
783598,5,https://energizedengines.com/products/sumner-783598-spacer-ratchet-2,"https://energizedengines.com/products/sumner-783598-spacer-ratchet-3 | https://energizedengines.com/products/sumner-783598-spacer-ratchet-1 | https://energizedengines.com/products/sumner-783598-spacer-ratchet | https://energizedengines.com/products/spacer-ratchet"
772375,5,https://energizedengines.com/products/sumner-772375-nut-insert-lock-5-8-21,"https://energizedengines.com/products/sumner-772375-nut-insert-lock-5-8-22 | https://energizedengines.com/products/sumner-772375-nut-insert-lock-5-8-20 | https://energizedengines.com/products/sumner-772375-nut-insert-lock-5-8-19 | https://energizedengines.com/products/sumner-772375-nut-insert-lock-5-8-18"
771105,4,https://energizedengines.com/products/sumner-771105-screw-hhc-3-8-16-x-8,"https://energizedengines.com/products/sumner-771105-screw-hhc-3-8-16-x-9 | https://energizedengines.com/products/sumner-771105-screw-hhc-3-8-16-x-7 | https://energizedengines.com/products/sumner-771105-screw-hhc-3-8-16-x-6"
'783609BLK,2,https://energizedengines.com/products/sumner-783609-blk-roller-support-arm-black,"https://energizedengines.com/products/sumner-783609-blk-roller-support-arm-black-1"
783611,4,https://energizedengines.com/products/sumner-783611-gear-cover-2,"https://energizedengines.com/products/sumner-783611-gear-cover-3 | https://energizedengines.com/products/sumner-783611-gear-cover-1 | https://energizedengines.com/products/sumner-783611-gear-cover"
783612,6,https://energizedengines.com/products/sumner-783612-brake-cover-3,"https://energizedengines.com/products/sumner-783612-brake-cover-4 | https://energizedengines.com/products/sumner-783612-brake-cover-2 | https://energizedengines.com/products/sumner-783612-brake-cover-1 | https://energizedengines.com/products/sumner-783612-brake-cover | https://energizedengines.com/products/brake-cover"
771111,4,https://energizedengines.com/products/sumner-771111-screw-hhc-3-8-16-x-5-1-4,"https://energizedengines.com/products/sumner-771111-screw-hhc-3-8-16-x-5-1-5 | https://energizedengines.com/products/sumner-771111-screw-hhc-3-8-16-x-5-1-3 | https://energizedengines.com/products/sumner-771111-screw-hhc-3-8-16-x-5-1-2"
771290,4,https://energizedengines.com/products/sumner-771290-screw-fhm-1-4-20-x-2-1-6,"https://energizedengines.com/products/sumner-771290-screw-fhm-1-4-20-x-2-1-7 | https://energizedengines.com/products/sumner-771290-screw-fhm-1-4-20-x-2-1-5 | https://energizedengines.com/products/sumner-771290-screw-fhm-1-4-20-x-2-1-4"
771431,6,https://energizedengines.com/products/sumner-771431-screw-set-flat-pt-1-4-20-x-5-20,"https://energizedengines.com/products/sumner-771431-screw-set-flat-pt-1-4-20-x-5-21 | https://energizedengines.com/products/sumner-771431-screw-set-flat-pt-1-4-20-x-5-19 | https://energizedengines.com/products/sumner-771431-screw-set-flat-pt-1-4-20-x-5-18 | https://energizedengines.com/products/sumner-771431-screw-set-flat-pt-1-4-20-x-5-17 | https://energizedengines.com/products/sumner-771431-screw-set-flat-pt-1-4-20-x-5-16"
784284,7,https://energizedengines.com/products/sumner-784284-winch-handle-adaptor-4,"https://energizedengines.com/products/sumner-784284-winch-handle-adaptor-5 | https://energizedengines.com/products/sumner-784284-winch-handle-adaptor-3 | https://energizedengines.com/products/sumner-784284-winch-handle-adaptor-2 | https://energizedengines.com/products/sumner-784284-winch-handle-adaptor-1 | https://energizedengines.com/products/sumner-784284-winch-handle-adaptor | https://energizedengines.com/products/winch-handle-adaptor"
783621,5,https://energizedengines.com/products/sumner-783621-ratchet-dog-spring-2,"https://energizedengines.com/products/sumner-783621-ratchet-dog-spring-3 | https://energizedengines.com/products/sumner-783621-ratchet-dog-spring-1 | https://energizedengines.com/products/sumner-783621-ratchet-dog-spring | https://energizedengines.com/products/ratchet-dog-spring"
'783613BLK,2,https://energizedengines.com/products/sumner-783613-blk-drum-assembly-black,"https://energizedengines.com/products/sumner-783613-blk-drum-assembly-black-1"
776072,4,https://energizedengines.com/products/sumner-776072-retainer-ring-5100-52,"https://energizedengines.com/products/sumner-776072-retainer-ring-5100-53 | https://energizedengines.com/products/sumner-776072-retainer-ring-5100-51 | https://energizedengines.com/products/sumner-776072-retainer-ring-5100-50"
782619,5,https://energizedengines.com/products/sumner-782619-winch-shaft-roller-2,"https://energizedengines.com/products/sumner-782619-winch-shaft-roller-3 | https://energizedengines.com/products/sumner-782619-winch-shaft-roller-1 | https://energizedengines.com/products/sumner-782619-winch-shaft-roller | https://energizedengines.com/products/winch-shaft-roller"
783848,2,https://energizedengines.com/products/sumner-783848-fork-cross-brace-weldment,"https://energizedengines.com/products/sumner-783848-fork-cross-brace-weldment-1"
783764,5,https://energizedengines.com/products/sumner-783764-sleeve-roller-shaft-2,"https://energizedengines.com/products/sumner-783764-sleeve-roller-shaft-3 | https://energizedengines.com/products/sumner-783764-sleeve-roller-shaft-1 | https://energizedengines.com/products/sumner-783764-sleeve-roller-shaft | https://energizedengines.com/products/sleeve-roller-shaft"
773085,5,https://energizedengines.com/products/sumner-773085-washer-bellville-spring-2,"https://energizedengines.com/products/sumner-773085-washer-bellville-spring-3 | https://energizedengines.com/products/sumner-773085-washer-bellville-spring-1 | https://energizedengines.com/products/sumner-773085-washer-bellville-spring | https://energizedengines.com/products/washer-bellville-spring"
783852,2,https://energizedengines.com/products/sumner-783852-fork-arm-wldmt,"https://energizedengines.com/products/sumner-783852-fork-arm-wldmt-1"
779317,7,https://energizedengines.com/products/sumner-779317-rapid-link-pear-shaped-1-12,"https://energizedengines.com/products/sumner-779317-rapid-link-pear-shaped-1-13 | https://energizedengines.com/products/sumner-779317-rapid-link-pear-shaped-1-11 | https://energizedengines.com/products/sumner-779317-rapid-link-pear-shaped-1-9 | https://energizedengines.com/products/sumner-779317-rapid-link-pear-shaped-1-10 | https://energizedengines.com/products/sumner-779317-rapid-link-pear-shaped-1-8 | https://energizedengines.com/products/rapid-link-pear-shaped-1-8"
783891,2,https://energizedengines.com/products/sumner-783891-bushing-leveling-screw,"https://energizedengines.com/products/sumner-783891-bushing-leveling-screw-1"
773080,2,https://energizedengines.com/products/sumner-773080-washer-conical,"https://energizedengines.com/products/sumner-773080-washer-conical-1"
773402,2,https://energizedengines.com/products/sumner-773402-leveling-mount-non-skid,"https://energizedengines.com/products/sumner-773402-leveling-mount-non-skid-1"
779002,4,https://energizedengines.com/products/sumner-779002-caster-stem-w-spacer-2,"https://energizedengines.com/products/sumner-779002-caster-stem-w-spacer-3 | https://energizedengines.com/products/sumner-779002-caster-stem-w-spacer-1 | https://energizedengines.com/products/sumner-779002-caster-stem-w-spacer"
771354,2,https://energizedengines.com/products/sumner-771354-screw-shoulder-5-16-x-1,"https://energizedengines.com/products/sumner-771354-screw-shoulder-5-16-x-2"
778352,6,https://energizedengines.com/products/sumner-778352-tape-2-b-y-caution-stripe-4,"https://energizedengines.com/products/sumner-778352-tape-2-b-y-caution-stripe-5 | https://energizedengines.com/products/sumner-778352-tape-2-b-y-caution-stripe-2 | https://energizedengines.com/products/sumner-778352-tape-2-b-y-caution-stripe-3 | https://energizedengines.com/products/sumner-778352-tape-2-b-y-caution-stripe-1 | https://energizedengines.com/products/sumner-778352-tape-2-b-y-caution-stripe"
772100,3,https://energizedengines.com/products/sumner-772100-nut-hex-1-2-13-plated-2,"https://energizedengines.com/products/sumner-772100-nut-hex-1-2-13-plated | https://energizedengines.com/products/sumner-772100-nut-hex-1-2-13-plated-1"
773590,8,https://energizedengines.com/products/sumner-773590-washer-lock-1-8,"https://energizedengines.com/products/sumner-773590-washer-lock-1-9 | https://energizedengines.com/products/sumner-773590-washer-lock-1-6 | https://energizedengines.com/products/sumner-773590-washer-lock-1-7 | https://energizedengines.com/products/sumner-773590-washer-lock-1-5 | https://energizedengines.com/products/sumner-773590-washer-lock-1-4 | https://energizedengines.com/products/sumner-773590-washer-lock-1-3 | https://energizedengines.com/products/sumner-773590-washer-lock-1-2"
782960,6,https://energizedengines.com/products/sumner-782960-roller-shaft-carr-715-724,"https://energizedengines.com/products/sumner-782960-roller-shaft-carr-715-725 | https://energizedengines.com/products/sumner-782960-roller-shaft-carr-715-722 | https://energizedengines.com/products/sumner-782960-roller-shaft-carr-715-723 | https://energizedengines.com/products/sumner-782960-roller-shaft-carr-715-721 | https://energizedengines.com/products/sumner-782960-roller-shaft-carr-715-720"
783863,2,https://energizedengines.com/products/sumner-783863-leg-storage-wldmt,"https://energizedengines.com/products/sumner-783863-leg-storage-wldmt-1"
771120,6,https://energizedengines.com/products/sumner-771120-screw-hhc-1-2-13x1-1-6,"https://energizedengines.com/products/sumner-771120-screw-hhc-1-2-13x1-1-7 | https://energizedengines.com/products/sumner-771120-screw-hhc-1-2-13x1-1-4 | https://energizedengines.com/products/sumner-771120-screw-hhc-1-2-13x1-1-5 | https://energizedengines.com/products/sumner-771120-screw-hhc-1-2-13x1-1-3 | https://energizedengines.com/products/sumner-771120-screw-hhc-1-2-13x1-1-2"
780025,6,https://energizedengines.com/products/sumner-780025-sheave-rab-222-2-z-26,"https://energizedengines.com/products/sumner-780025-sheave-rab-222-2-z-27 | https://energizedengines.com/products/sumner-780025-sheave-rab-222-2-z-24 | https://energizedengines.com/products/sumner-780025-sheave-rab-222-2-z-25 | https://energizedengines.com/products/sumner-780025-sheave-rab-222-2-z-23 | https://energizedengines.com/products/sumner-780025-sheave-rab-222-2-z-22"
783625,2,https://energizedengines.com/products/sumner-783625-brake-release-tool,"https://energizedengines.com/products/sumner-783625-brake-release-tool-1"
779318,3,https://energizedengines.com/products/sumner-779318-spring-snap-1-5,"https://energizedengines.com/products/sumner-779318-spring-snap-1-6 | https://energizedengines.com/products/sumner-779318-spring-snap-1-4"
779720,2,https://energizedengines.com/products/sumner-779720-allen-wrench-3-16,"https://energizedengines.com/products/sumner-779720-allen-wrench-3-17"
779715,2,https://energizedengines.com/products/sumner-779715-allen-wrench-3-8,"https://energizedengines.com/products/sumner-779715-allen-wrench-3-9"
783530,6,https://energizedengines.com/products/sumner-783530-brake-spring-3,"https://energizedengines.com/products/sumner-783530-brake-spring-4 | https://energizedengines.com/products/sumner-783530-brake-spring-2 | https://energizedengines.com/products/sumner-783530-brake-spring-1 | https://energizedengines.com/products/sumner-783530-brake-spring | https://energizedengines.com/products/brake-spring"
783529,3,https://energizedengines.com/products/sumner-783529-safety-brake-assembly-2000-series-lift-1,"https://energizedengines.com/products/sumner-783529-safety-brake-assembly-2000-series-lift-2 | https://energizedengines.com/products/sumner-783529-safety-brake-assembly-2000-series-lift"
772076,5,https://energizedengines.com/products/sumner-772076-nut-insert-lock-1-4-23,"https://energizedengines.com/products/sumner-772076-nut-insert-lock-1-4-24 | https://energizedengines.com/products/sumner-772076-nut-insert-lock-1-4-22 | https://energizedengines.com/products/sumner-772076-nut-insert-lock-1-4-21 | https://energizedengines.com/products/sumner-772076-nut-insert-lock-1-4-20"
779900,5,https://energizedengines.com/products/sumner-779900-screw-adjusting-ohio-es2112-3,"https://energizedengines.com/products/sumner-779900-screw-adjusting-ohio-es2112-4 | https://energizedengines.com/products/sumner-779900-screw-adjusting-ohio-es2112-2 | https://energizedengines.com/products/sumner-779900-screw-adjusting-ohio-es2112-1 | https://energizedengines.com/products/sumner-779900-screw-adjusting-ohio-es2112"
773042,9,https://energizedengines.com/products/sumner-773042-washer-flat-5-23,"https://energizedengines.com/products/sumner-773042-washer-flat-5-24 | https://energizedengines.com/products/sumner-773042-washer-flat-5-21 | https://energizedengines.com/products/sumner-773042-washer-flat-5-22 | https://energizedengines.com/products/sumner-773042-washer-flat-5-20 | https://energizedengines.com/products/sumner-773042-washer-flat-5-18 | https://energizedengines.com/products/sumner-773042-washer-flat-5-19 | https://energizedengines.com/products/sumner-773042-washer-flat-5-17 | https://energizedengines.com/products/sumner-773042-washer-flat-5-16"
778346,4,https://energizedengines.com/products/sumner-778346-label-winch-raise-lower-2,"https://energizedengines.com/products/sumner-778346-label-winch-raise-lower-3 | https://energizedengines.com/products/sumner-778346-label-winch-raise-lower-1 | https://energizedengines.com/products/sumner-778346-label-winch-raise-lower"
778339,5,https://energizedengines.com/products/sumner-778339-label-carriage-latch-warning-3,"https://energizedengines.com/products/sumner-778339-label-carriage-latch-warning-4 | https://energizedengines.com/products/sumner-778339-label-carriage-latch-warning-2 | https://energizedengines.com/products/sumner-778339-label-carriage-latch-warning-1 | https://energizedengines.com/products/sumner-778339-label-carriage-latch-warning"
778353,2,https://energizedengines.com/products/sumner-778353-label-eventer-20-mast,"https://energizedengines.com/products/sumner-778353-label-eventer-20-mast-1"
778347,5,https://energizedengines.com/products/sumner-778347-label-no-riders-warning-3,"https://energizedengines.com/products/sumner-778347-label-no-riders-warning-4 | https://energizedengines.com/products/sumner-778347-label-no-riders-warning-2 | https://energizedengines.com/products/sumner-778347-label-no-riders-warning-1 | https://energizedengines.com/products/sumner-778347-label-no-riders-warning"
778355,2,https://energizedengines.com/products/sumner-778355-label-sumner-w-blk-background,"https://energizedengines.com/products/sumner-778355-label-sumner-w-blk-background-1"
778354,2,https://energizedengines.com/products/sumner-778354-label-eventer-25-mast,"https://energizedengines.com/products/sumner-778354-label-eventer-25-mast-1"
778459,2,https://energizedengines.com/products/sumner-778459-label-mast-hold-down,"https://energizedengines.com/products/sumner-778459-label-mast-hold-down-1"
778359,2,https://energizedengines.com/products/sumner-778359-label-eventer-large-warning,"https://energizedengines.com/products/sumner-778359-label-eventer-large-warning-1"
778356,2,https://energizedengines.com/products/sumner-778356-label-warning-level-prior,"https://energizedengines.com/products/sumner-778356-label-warning-level-prior-1"
778920,4,https://energizedengines.com/products/sumner-778920-label-caution-carriage-latch-2,"https://energizedengines.com/products/sumner-778920-label-caution-carriage-latch-3 | https://energizedengines.com/products/sumner-778920-label-caution-carriage-latch-1 | https://energizedengines.com/products/sumner-778920-label-caution-carriage-latch"
778906,6,https://energizedengines.com/products/sumner-778906-label-op-manual-lift-read-b4-4,"https://energizedengines.com/products/sumner-778906-label-op-manual-lift-read-b4-5 | https://energizedengines.com/products/sumner-778906-label-op-manual-lift-read-b4-3 | https://energizedengines.com/products/sumner-778906-label-op-manual-lift-read-b4-2 | https://energizedengines.com/products/sumner-778906-label-op-manual-lift-read-b4-1 | https://energizedengines.com/products/sumner-778906-label-op-manual-lift-read-b4"
784841,2,https://energizedengines.com/products/sumner-784841-winch-two-handle-replace-kit,"https://energizedengines.com/products/winch-two-handle-replace-kit"
783545,4,https://energizedengines.com/products/sumner-783545-strap-3,"https://energizedengines.com/products/sumner-783545-strap-1 | https://energizedengines.com/products/sumner-783545-strap-2 | https://energizedengines.com/products/sumner-783545-strap"
780205,3,https://energizedengines.com/products/sumner-780205-shaft-hoist-drum-pinion-wj-8,"https://energizedengines.com/products/sumner-780205-shaft-hoist-drum-pinion-wj-7 | https://energizedengines.com/products/shaft-hoist-drum-pinion-wj-7"
783757,6,https://energizedengines.com/products/sumner-783757-winch-handle-4,"https://energizedengines.com/products/sumner-783757-winch-handle-3 | https://energizedengines.com/products/sumner-783757-winch-handle-2 | https://energizedengines.com/products/sumner-783757-winch-handle-1 | https://energizedengines.com/products/sumner-783757-winch-handle | https://energizedengines.com/products/sumner-783757-winch-handle-for-series-2000-2100-2400-and-eventer"
783756,4,https://energizedengines.com/products/sumner-783756-handle-weldment-3,"https://energizedengines.com/products/sumner-783756-handle-weldment-2 | https://energizedengines.com/products/sumner-783756-handle-weldment-1 | https://energizedengines.com/products/sumner-783756-handle-weldment"
771254,5,https://energizedengines.com/products/sumner-771254-shcs-1-2-13-x-9,"https://energizedengines.com/products/sumner-771254-shcs-1-2-13-x-8 | https://energizedengines.com/products/sumner-771254-shcs-1-2-13-x-7 | https://energizedengines.com/products/sumner-771254-shcs-1-2-13-x-6 | https://energizedengines.com/products/sumner-771254-shcs-1-2-13-x-5"
772801,3,https://energizedengines.com/products/sumner-772801-nut-hex-12-mm-2,"https://energizedengines.com/products/sumner-772801-nut-hex-12-mm-1 | https://energizedengines.com/products/sumner-772801-nut-hex-12-mm"
773091,3,https://energizedengines.com/products/sumner-773091-washer-flat-7-8-uss-pltd-2,"https://energizedengines.com/products/sumner-773091-washer-flat-7-8-uss-pltd-1 | https://energizedengines.com/products/sumner-773091-washer-flat-7-8-uss-pltd"
784720,2,https://energizedengines.com/products/sumner-784720-bottom-mast-assembly-2412-lift,"https://energizedengines.com/products/sumner-784720-bottom-mast-assembly-2412-lift-1"
784740,2,https://energizedengines.com/products/sumner-784740-top-mast-assembly-2412,"https://energizedengines.com/products/sumner-784740-top-mast-assembly-2413"
784730,2,https://energizedengines.com/products/sumner-784730-center-mast-assembly-2412-lift,"https://energizedengines.com/products/sumner-784730-center-mast-assembly-2412-lift-1"
784775,2,https://energizedengines.com/products/sumner-784775-winch-mounting-weldment,"https://energizedengines.com/products/sumner-784775-winch-mounting-weldment-1"
784770,2,https://energizedengines.com/products/sumner-784770-fork-assembly-2400-lift,"https://energizedengines.com/products/sumner-784770-fork-assembly-2400-lift-1"
784765,2,https://energizedengines.com/products/sumner-784765-carriage-assembly-2400-lift,"https://energizedengines.com/products/sumner-784765-carriage-assembly-2400-lift-1"
784785,3,https://energizedengines.com/products/sumner-784785-winch-assembly-2400-lift,"https://energizedengines.com/products/sumner-784785-winch-assembly-2400-lift-1 | https://energizedengines.com/products/784785"
784282,2,https://energizedengines.com/products/sumner-784282-top-handle-assembly-2200,"https://energizedengines.com/products/sumner-784282-top-handle-assembly-2201"
784251,3,https://energizedengines.com/products/sumner-784251-mast-brace-left-2200-lift-1,"https://energizedengines.com/products/sumner-784251-mast-brace-left-2200-lift-2 | https://energizedengines.com/products/sumner-784251-mast-brace-left-2200-lift"
784778,3,https://energizedengines.com/products/sumner-784778-shaft-roller-2400-lift,"https://energizedengines.com/products/sumner-784778-shaft-roller-2400-lift-1 | https://energizedengines.com/products/shaft-roller-2400-lift"
784307,2,https://energizedengines.com/products/sumner-784307-mast-cover-short-2200-lift,"https://energizedengines.com/products/sumner-784307-mast-cover-short-2200-lift-1"
784252,3,https://energizedengines.com/products/sumner-784252-mast-brace-right-2200-lift-1,"https://energizedengines.com/products/sumner-784252-mast-brace-right-2200-lift-2 | https://energizedengines.com/products/sumner-784252-mast-brace-right-2200-lift"
784394,2,https://energizedengines.com/products/sumner-784394-spacer-pulley-1-2,"https://energizedengines.com/products/sumner-784394-spacer-pulley-1-3"
771052,3,https://energizedengines.com/products/sumner-771052-screw-hhc-5-16-18-x-1-pltd-1,"https://energizedengines.com/products/sumner-771052-screw-hhc-5-16-18-x-1-pltd-2 | https://energizedengines.com/products/sumner-771052-screw-hhc-5-16-18-x-1-pltd"
771261,4,https://energizedengines.com/products/sumner-771261-screw-shc-1-2-13-x-1-1-4,"https://energizedengines.com/products/sumner-771261-screw-shc-1-2-13-x-1-1-5 | https://energizedengines.com/products/sumner-771261-screw-shc-1-2-13-x-1-1-6 | https://energizedengines.com/products/sumner-771261-screw-shc-1-2-13-x-1-1-7"
771260,2,https://energizedengines.com/products/sumner-771260-screw-fhsc-3-8-16-x-1-1-4,"https://energizedengines.com/products/sumner-771260-screw-fhsc-3-8-16-x-1-1-5"
779036,5,https://energizedengines.com/products/sumner-779036-caster-3-dual-wheel-w-brake,"https://energizedengines.com/products/sumner-779036-caster-3-dual-wheel-w-brake-1 | https://energizedengines.com/products/sumner-779036-caster-3-dual-wheel-w-brake-2 | https://energizedengines.com/products/sumner-779036-caster-3-dual-wheel-w-brake-3 | https://energizedengines.com/products/sumner-779036-caster-3-dual-wheel-w-brake-4"
784820,2,https://energizedengines.com/products/sumner-784820-leg-lock-assembly-2400-lift,"https://energizedengines.com/products/sumner-784820-leg-lock-assembly-2400-lift-1"
784586,3,https://energizedengines.com/products/sumner-784586-spacer-wheel-3-1-16,"https://energizedengines.com/products/sumner-784586-spacer-wheel-3-1-17 | https://energizedengines.com/products/sumner-784586-spacer-wheel-3-1-18"
771049,4,https://energizedengines.com/products/sumner-771049-screw-bhcs-5-16-18-x-5-9,"https://energizedengines.com/products/sumner-771049-screw-bhcs-5-16-18-x-5-10 | https://energizedengines.com/products/sumner-771049-screw-bhcs-5-16-18-x-5-11 | https://energizedengines.com/products/sumner-771049-screw-bhcs-5-16-18-x-5-8"
779031,3,https://energizedengines.com/products/sumner-779031-wheel-8-thermoplastic-gray-2,"https://energizedengines.com/products/sumner-779031-wheel-8-thermoplastic-gray | https://energizedengines.com/products/sumner-779031-wheel-8-thermoplastic-gray-1"
783098,5,https://energizedengines.com/products/sumner-783098-spacer-caster-plate-2,"https://energizedengines.com/products/sumner-783098-spacer-caster-plate-3 | https://energizedengines.com/products/sumner-783098-spacer-caster-plate-4 | https://energizedengines.com/products/sumner-783098-spacer-caster-plate-1 | https://energizedengines.com/products/sumner-783098-spacer-caster-plate"
784724,3,https://energizedengines.com/products/sumner-784724-pulley-assembly-3,"https://energizedengines.com/products/sumner-784724-pulley-assembly-4 | https://energizedengines.com/products/pulley-assembly-3"
784705,2,https://energizedengines.com/products/sumner-784705-pulley-cover-2400-series-lift,"https://energizedengines.com/products/sumner-784705-pulley-cover-2400-series-lift-1"
771263,2,https://energizedengines.com/products/sumner-771263-screw-bhc-m12-1-75-x-35,"https://energizedengines.com/products/sumner-771263-screw-bhc-m12-1-75-x-36"
784710,2,https://energizedengines.com/products/sumner-784710-pulley-mount-2400-series-lift,"https://energizedengines.com/products/pulley-mount-2400-series-lift"
776055,2,https://energizedengines.com/products/sumner-776055-screw-self-tapping-3-4-long-1,"https://energizedengines.com/products/sumner-776055-screw-self-tapping-3-4-long"
774051,4,https://energizedengines.com/products/sumner-774051-pin-cotter-1-8-x-3-6,"https://energizedengines.com/products/sumner-774051-pin-cotter-1-8-x-3-7 | https://energizedengines.com/products/sumner-774051-pin-cotter-1-8-x-3-5 | https://energizedengines.com/products/sumner-774051-pin-cotter-1-8-x-3-4"
784811,3,https://energizedengines.com/products/sumner-784811-leg-roller-2400-lift,"https://energizedengines.com/products/sumner-784811-leg-roller-2400-lift-1 | https://energizedengines.com/products/leg-roller-2400-lift"
784812,3,https://energizedengines.com/products/sumner-784812-shaft-leg-roller-2400-lift,"https://energizedengines.com/products/sumner-784812-shaft-leg-roller-2400-lift-1 | https://energizedengines.com/products/shaft-leg-roller-2400-lift"
776079,2,https://energizedengines.com/products/sumner-776079-retainer-ring-5133-50,"https://energizedengines.com/products/sumner-776079-retainer-ring-5133-51"
784901,2,https://energizedengines.com/products/sumner-784901-leg-assembly-outrigger-2416,"https://energizedengines.com/products/sumner-784901-leg-assembly-outrigger-2417"
783943,3,https://energizedengines.com/products/sumner-783943-outrigger-support-tube-2,"https://energizedengines.com/products/sumner-783943-outrigger-support-tube-1 | https://energizedengines.com/products/sumner-783943-outrigger-support-tube"
774080,5,https://energizedengines.com/products/sumner-774080-pin-roll-4,"https://energizedengines.com/products/sumner-774080-pin-roll-2 | https://energizedengines.com/products/sumner-774080-pin-roll-3 | https://energizedengines.com/products/sumner-774080-pin-roll-1 | https://energizedengines.com/products/sumner-774080-pin-roll"
783940,6,https://energizedengines.com/products/sumner-783940-outrigger-lock-assembly-5,"https://energizedengines.com/products/sumner-783940-outrigger-lock-assembly-3 | https://energizedengines.com/products/sumner-783940-outrigger-lock-assembly-4 | https://energizedengines.com/products/sumner-783940-outrigger-lock-assembly-2 | https://energizedengines.com/products/sumner-783940-outrigger-lock-assembly-1 | https://energizedengines.com/products/sumner-783940-outrigger-lock-assembly"
778362,2,https://energizedengines.com/products/sumner-778362-tape-1-b-y-caution-stripe,"https://energizedengines.com/products/sumner-778362-tape-1-b-y-caution-stripe-1"
778348,5,https://energizedengines.com/products/sumner-778348-label-lower-stabilizer-legs-3,"https://energizedengines.com/products/sumner-778348-label-lower-stabilizer-legs-4 | https://energizedengines.com/products/sumner-778348-label-lower-stabilizer-legs-2 | https://energizedengines.com/products/sumner-778348-label-lower-stabilizer-legs-1 | https://energizedengines.com/products/sumner-778348-label-lower-stabilizer-legs"
784902,2,https://energizedengines.com/products/sumner-784902-leg-weldment-outrigger-2416,"https://energizedengines.com/products/sumner-784902-leg-weldment-outrigger-2417"
783942,3,https://energizedengines.com/products/sumner-783942-outrigger-lock-finger-2,"https://energizedengines.com/products/sumner-783942-outrigger-lock-finger-1 | https://energizedengines.com/products/sumner-783942-outrigger-lock-finger"
783941,3,https://energizedengines.com/products/sumner-783941-outrigger-lock-tube-2,"https://energizedengines.com/products/sumner-783941-outrigger-lock-tube-1 | https://energizedengines.com/products/sumner-783941-outrigger-lock-tube"
771141,3,https://energizedengines.com/products/sumner-771141-screw-hhc-1-2-13-x-2-3-6,"https://energizedengines.com/products/sumner-771141-screw-hhc-1-2-13-x-2-3-5 | https://energizedengines.com/products/sumner-771141-screw-hhc-1-2-13-x-2-3-4"
783944,3,https://energizedengines.com/products/sumner-783944-outrigger-support-tube-stub-2,"https://energizedengines.com/products/sumner-783944-outrigger-support-tube-stub-1 | https://energizedengines.com/products/sumner-783944-outrigger-support-tube-stub"
776221,3,https://energizedengines.com/products/sumner-776221-spring-century-2954,"https://energizedengines.com/products/sumner-776221-spring-century-2953 | https://energizedengines.com/products/sumner-776221-spring-century-2952"
779938,3,https://energizedengines.com/products/sumner-779938-cap-rect-rd-end-3-16-x-1-2-x-4,"https://energizedengines.com/products/sumner-779938-cap-rect-rd-end-3-16-x-1-2-x-3 | https://energizedengines.com/products/sumner-779938-cap-rect-rd-end-3-16-x-1-2-x-2"
774084,3,https://energizedengines.com/products/sumner-774084-pin-spring-3-16-x-4,"https://energizedengines.com/products/sumner-774084-pin-spring-3-16-x-3 | https://energizedengines.com/products/sumner-774084-pin-spring-3-16-x-2"
784216,2,https://energizedengines.com/products/sumner-784216-brake-mount-pin-1,"https://energizedengines.com/products/sumner-784216-brake-mount-pin"
778457,2,https://energizedengines.com/products/sumner-778457-label-do-not-stand-under-load-1,"https://energizedengines.com/products/sumner-778457-label-do-not-stand-under-load"
778458,2,https://energizedengines.com/products/sumner-778458-label-large-warning-2200-lift-1,"https://energizedengines.com/products/sumner-778458-label-large-warning-2200-lift"
778461,2,https://energizedengines.com/products/sumner-778461-label-mast-hold-down-bar-type-1,"https://energizedengines.com/products/sumner-778461-label-mast-hold-down-bar-type"
784218,3,https://energizedengines.com/products/sumner-784218-wheel-brake-assembly-1,"https://energizedengines.com/products/sumner-784218-wheel-brake-assembly-2 | https://energizedengines.com/products/sumner-784218-wheel-brake-assembly"
773120,3,https://energizedengines.com/products/sumner-773120-clamp-5-16,"https://energizedengines.com/products/sumner-773120-clamp-5-17 | https://energizedengines.com/products/clamp-5-16"
784281,2,https://energizedengines.com/products/sumner-784281-mast-hold-down-assembly-2200,"https://energizedengines.com/products/sumner-784281-mast-hold-down-assembly-2201"
774117,6,https://energizedengines.com/products/sumner-774117-pin-dowel-5-16-x-1-3-4,"https://energizedengines.com/products/sumner-774117-pin-dowel-5-16-x-1-3-5 | https://energizedengines.com/products/sumner-774117-pin-dowel-5-16-x-1-3-6 | https://energizedengines.com/products/sumner-774117-pin-dowel-5-16-x-1-3-7 | https://energizedengines.com/products/sumner-774117-pin-dowel-5-16-x-1-3-8 | https://energizedengines.com/products/pin-dowel-5-16-x-1-3-4"
773015,3,https://energizedengines.com/products/sumner-773015-washer-brass-5-16-x-3-4-x-062,"https://energizedengines.com/products/sumner-773015-washer-brass-5-16-x-3-4-x-62 | https://energizedengines.com/products/sumner-773015-washer-brass-5-16-x-3-4-x-63"
775065,6,https://energizedengines.com/products/sumner-775065-needle-bearing-5-16-x-1-2-x-1-2l,"https://energizedengines.com/products/sumner-775065-needle-bearing-5-16-x-1-2-x-1-2l-1 | https://energizedengines.com/products/sumner-775065-needle-bearing-5-16-x-1-2-x-1-2l-2 | https://energizedengines.com/products/sumner-775065-needle-bearing-5-16-x-1-2-x-1-2l-3 | https://energizedengines.com/products/sumner-775065-needle-bearing-5-16-x-1-2-x-1-2l-4 | https://energizedengines.com/products/needle-bearing-5-16-x-1-2-x-1-2l"
776084,3,https://energizedengines.com/products/sumner-776084-retainer-ring-x,"https://energizedengines.com/products/sumner-776084-retainer-ring-x-1 | https://energizedengines.com/products/retainer-ring-x"
784273,3,https://energizedengines.com/products/sumner-784273-pin-grooved-2200-lift,"https://energizedengines.com/products/sumner-784273-pin-grooved-2200-lift-1 | https://energizedengines.com/products/pin-grooved-2200-lift"
784261,2,https://energizedengines.com/products/sumner-784261-upper-roller-brkt-assembly,"https://energizedengines.com/products/sumner-784261-upper-roller-brkt-assembly-1"
772507,4,https://energizedengines.com/products/sumner-772507-nut-insert-jam-1-4-20-pltd,"https://energizedengines.com/products/sumner-772507-nut-insert-jam-1-4-20-pltd-1 | https://energizedengines.com/products/sumner-772507-nut-insert-jam-1-4-20-pltd-2 | https://energizedengines.com/products/sumner-772507-nut-insert-jam-1-4-20-pltd-3"
771045,4,https://energizedengines.com/products/sumner-771045-screw-bhcs-1-4-20-x-1-2-pltd,"https://energizedengines.com/products/sumner-771045-screw-bhcs-1-4-20-x-1-2-pltd-1 | https://energizedengines.com/products/sumner-771045-screw-bhcs-1-4-20-x-1-2-pltd-2 | https://energizedengines.com/products/sumner-771045-screw-bhcs-1-4-20-x-1-2-pltd-3"
774116,2,https://energizedengines.com/products/sumner-774116-pn-spring-1-8-x-3-8,"https://energizedengines.com/products/sumner-774116-pn-spring-1-8-x-3-9"
784201,4,https://energizedengines.com/products/sumner-784201-slide-2200-series-lift,"https://energizedengines.com/products/sumner-784201-slide-2200-series-lift-1 | https://energizedengines.com/products/sumner-784201-slide-2200-series-lift-2 | https://energizedengines.com/products/slide-2200-series-lift"
784207,2,https://energizedengines.com/products/sumner-784207-top-roller-bracket-2200,"https://energizedengines.com/products/sumner-784207-top-roller-bracket-2201"
779527,2,https://energizedengines.com/products/sumner-779527-grip-hand-1-id-x-5-lg,"https://energizedengines.com/products/sumner-779527-grip-hand-1-id-x-5-lg-1"
784237,3,https://energizedengines.com/products/sumner-784237-lower-roller-brkt-weldment,"https://energizedengines.com/products/sumner-784237-lower-roller-brkt-weldment-1 | https://energizedengines.com/products/lower-roller-brkt-weldment"
773016,2,https://energizedengines.com/products/sumner-773016-washer-flat-5-16-type-b-narrow,"https://energizedengines.com/products/sumner-773016-washer-flat-5-16-type-b-narrow-1"
784258,2,https://energizedengines.com/products/sumner-784258-dually-wheel-kit-1,"https://energizedengines.com/products/sumner-784258-dually-wheel-kit"
784240,2,https://energizedengines.com/products/sumner-784240-aluminum-tray-1,"https://energizedengines.com/products/sumner-784240-aluminum-tray"
771253,2,https://energizedengines.com/products/sumner-771253-shcs-1-2-13-x-6,"https://energizedengines.com/products/sumner-771253-shcs-1-2-13-x-5"
783750,2,https://energizedengines.com/products/sumner-783750-base-assembly-2100-lift-1,"https://energizedengines.com/products/sumner-783750-base-assembly-2100-lift"
783730,3,https://energizedengines.com/products/sumner-783730-front-leg-assembly-10-12-17,"https://energizedengines.com/products/sumner-783730-front-leg-assembly-10-12-16 | https://energizedengines.com/products/sumner-783730-front-leg-assembly-10-12-15"
783746,3,https://energizedengines.com/products/sumner-783746-leg-lock-assembly-2100-series-2,"https://energizedengines.com/products/sumner-783746-leg-lock-assembly-2100-series-1 | https://energizedengines.com/products/sumner-783746-leg-lock-assembly-2100-series"
783736,3,https://energizedengines.com/products/sumner-783736-10-wheel-kit-1,"https://energizedengines.com/products/sumner-783736-10-wheel-kit-optional | https://energizedengines.com/products/sumner-783736-10-wheel-kit"
783739,3,https://energizedengines.com/products/sumner-783739-front-leg-assm-18-20-24-27,"https://energizedengines.com/products/sumner-783739-front-leg-assm-18-20-24-26 | https://energizedengines.com/products/sumner-783739-front-leg-assm-18-20-24-25"
784490,4,https://energizedengines.com/products/sumner-784490-nl-winch-assembly-2,"https://energizedengines.com/products/sumner-784490-nl-winch-assembly-1 | https://energizedengines.com/products/sumner-784490-nl-winch-assembly | https://energizedengines.com/products/sumner-784490-nl-winch-assembly-fits-series-2000-and-2100-eventer-20-and-25"
783653,3,https://energizedengines.com/products/sumner-783653-standard-fork-assy-2,"https://energizedengines.com/products/sumner-783653-standard-fork-assy-1 | https://energizedengines.com/products/sumner-783653-standard-fork-assy"
783582,3,https://energizedengines.com/products/sumner-783582-spreader-plate-assembly-2,"https://energizedengines.com/products/sumner-783582-spreader-plate-assembly-1 | https://energizedengines.com/products/sumner-783582-spreader-plate-assembly"
780819,2,https://energizedengines.com/products/sumner-780819-brace-mast-left-lf-166,"https://energizedengines.com/products/sumner-780819-brace-mast-left-lf-165"
783040,2,https://energizedengines.com/products/sumner-783040-hold-down-bar-type-2000-2101,"https://energizedengines.com/products/sumner-783040-hold-down-bar-type-2000-2100"
783630,2,https://energizedengines.com/products/sumner-783630-load-line-assy-2024-2124,"https://energizedengines.com/products/load-line-assy-2024-2124"
771146,2,https://energizedengines.com/products/sumner-771146-screw-hhc-5-8-11-x-5,"https://energizedengines.com/products/sumner-771146-screw-hhc-5-8-11-x-4"
772503,2,https://energizedengines.com/products/sumner-772503-nut-insert-jam-5-8-12,"https://energizedengines.com/products/sumner-772503-nut-insert-jam-5-8-11"
783935,3,https://energizedengines.com/products/sumner-783935-outrigger-assembly-2000-2100-lifts-2,"https://energizedengines.com/products/sumner-783935-outrigger-assembly-2000-2100-lifts-1 | https://energizedengines.com/products/sumner-783935-outrigger-assembly-2000-2100-lifts"
783552,2,https://energizedengines.com/products/sumner-783552-standoff-1,"https://energizedengines.com/products/sumner-783552-standoff"
783921,2,https://energizedengines.com/products/sumner-783921-pulley-assembly-2000-2100-lifts,"https://energizedengines.com/products/sumner-783921-pulley-assembly-2000-2100-lifts-1"
783478,3,https://energizedengines.com/products/sumner-783478-backing-plate-machined,"https://energizedengines.com/products/sumner-783478-backing-plate-machined-1 | https://energizedengines.com/products/backing-plate-machined"
783534,2,https://energizedengines.com/products/sumner-783534-carriage-1,"https://energizedengines.com/products/sumner-783534-carriage"
783547,2,https://energizedengines.com/products/sumner-783547-fork-weldment-1,"https://energizedengines.com/products/sumner-783547-fork-weldment"
783496,2,https://energizedengines.com/products/sumner-783496-fork-weldment-galv-1,"https://energizedengines.com/products/sumner-783496-fork-weldment-galv"
774035,3,https://energizedengines.com/products/sumner-774035-spacer-buttite-1-2-x-1-1-3,"https://energizedengines.com/products/sumner-774035-spacer-buttite-1-2-x-1-1-2 | https://energizedengines.com/products/spacer-buttite-1-2-x-1-1-2"
783508,3,https://energizedengines.com/products/sumner-783508-pin-locator-1,"https://energizedengines.com/products/sumner-783508-pin-locator | https://energizedengines.com/products/pin-locator"
783509,3,https://energizedengines.com/products/sumner-783509-pin-detent-1,"https://energizedengines.com/products/sumner-783509-pin-detent | https://energizedengines.com/products/pin-detent"
783588,2,https://energizedengines.com/products/sumner-783588-fork-extension-weldment-1,"https://energizedengines.com/products/sumner-783588-fork-extension-weldment"
774092,2,https://energizedengines.com/products/sumner-774092-pin-roll-1-8-x-5-9,"https://energizedengines.com/products/sumner-774092-pin-roll-1-8-x-5-8"
783749,2,https://energizedengines.com/products/sumner-783749-base-weldment-2100-series-1,"https://energizedengines.com/products/sumner-783749-base-weldment-2100-series"
779005,4,https://energizedengines.com/products/sumner-779005-caster-5-plate-swivel-red-2,"https://energizedengines.com/products/sumner-779005-caster-5-plate-swivel-red-3 | https://energizedengines.com/products/sumner-779005-caster-5-plate-swivel-red-1 | https://energizedengines.com/products/sumner-779005-caster-5-plate-swivel-red"
783499,2,https://energizedengines.com/products/sumner-783499-base-weldment-2100-series-galv-1,"https://energizedengines.com/products/sumner-783499-base-weldment-2100-series-galv"
771269,2,https://energizedengines.com/products/sumner-771269-screw-bhc-5-16-18-x-3-4,"https://energizedengines.com/products/sumner-771269-screw-bhc-5-16-18-x-3-5"
783738,2,https://energizedengines.com/products/sumner-783738-front-leg-weldment-18-20-24-26,"https://energizedengines.com/products/sumner-783738-front-leg-weldment-18-20-24-25"
783732,2,https://energizedengines.com/products/sumner-783732-front-leg-weldment-10-12-16,"https://energizedengines.com/products/sumner-783732-front-leg-weldment-10-12-15"
783497,2,https://energizedengines.com/products/sumner-783497-front-leg-weld-20-25-18-24-galv-1,"https://energizedengines.com/products/sumner-783497-front-leg-weld-20-25-18-24-galv"
783498,2,https://energizedengines.com/products/sumner-783498-front-leg-weld-10-15-12-galv-1,"https://energizedengines.com/products/sumner-783498-front-leg-weld-10-15-12-galv"
783569,3,https://energizedengines.com/products/sumner-783569-roller-leg-1,"https://energizedengines.com/products/sumner-783569-roller-leg | https://energizedengines.com/products/roller-leg"
776077,2,https://energizedengines.com/products/sumner-776077-retainer-ring-5133-63,"https://energizedengines.com/products/sumner-776077-retainer-ring-5133-62"
783644,2,https://energizedengines.com/products/sumner-783644-shaft-leg-roller-1,"https://energizedengines.com/products/sumner-783644-shaft-leg-roller"
783528,2,https://energizedengines.com/products/sumner-783528-leg-weldment-outrigger-1,"https://energizedengines.com/products/sumner-783528-leg-weldment-outrigger"
784494,2,https://energizedengines.com/products/sumner-784494-side-plate-assembly-rh-nl-winch-1,"https://energizedengines.com/products/sumner-784494-side-plate-assembly-rh-nl-winch"
784492,2,https://energizedengines.com/products/sumner-784492-side-plate-assembly-lh-nl-winch-1,"https://energizedengines.com/products/sumner-784492-side-plate-assembly-lh-nl-winch"
784500,3,https://energizedengines.com/products/sumner-784500-shaft-hoist-drum-pinion-sq-end-1,"https://energizedengines.com/products/sumner-784500-shaft-hoist-drum-pinion-sq-end | https://energizedengines.com/products/shaft-hoist-drum-pinion-sq-end"
784498,2,https://energizedengines.com/products/sumner-784498-plate-inner-brake-disc-nl-winch-1,"https://energizedengines.com/products/sumner-784498-plate-inner-brake-disc-nl-winch"
783599,2,https://energizedengines.com/products/sumner-783599-spacer-winch-side-plate-1,"https://energizedengines.com/products/sumner-783599-spacer-winch-side-plate"
779045,2,https://energizedengines.com/products/sumner-779045-wheel-poly-olefin-6,"https://energizedengines.com/products/sumner-779045-wheel-poly-olefin-5"
783041,2,https://energizedengines.com/products/sumner-783041-mast-hold-down-weldment-1,"https://energizedengines.com/products/sumner-783041-mast-hold-down-weldment"
783581,2,https://energizedengines.com/products/sumner-783581-spreader-plate-weldment-1,"https://energizedengines.com/products/sumner-783581-spreader-plate-weldment"
783735,2,https://energizedengines.com/products/sumner-783735-axle-support-2100-series-lift-1,"https://energizedengines.com/products/sumner-783735-axle-support-2100-series-lift"
782544,2,https://energizedengines.com/products/sumner-782544-axle-model-210,"https://energizedengines.com/products/sumner-782544-axle-model-209"
774039,3,https://energizedengines.com/products/sumner-774039-spacer-buttite-5-8-x-5,"https://energizedengines.com/products/sumner-774039-spacer-buttite-5-8-x-4 | https://energizedengines.com/products/spacer-buttite-5-8-x-4"
771112,2,https://energizedengines.com/products/sumner-771112-screw-hhc-3-8-16-x-3,"https://energizedengines.com/products/sumner-771112-screw-hhc-3-8-16-x-2"
783740,2,https://energizedengines.com/products/sumner-783740-leg-lock-weldment-2100-series-1,"https://energizedengines.com/products/sumner-783740-leg-lock-weldment-2100-series"
783045,2,https://energizedengines.com/products/sumner-783045-mast-hold-down-spacer-pltd,"https://energizedengines.com/products/mast-hold-down-spacer-pltd"
778850,2,https://energizedengines.com/products/sumner-778850-label-do-nt-stnd-udr-load-1,"https://energizedengines.com/products/sumner-778850-label-do-nt-stnd-udr-load"
780612,2,https://energizedengines.com/products/sumner-780612-ratchet-stud-cs-49,"https://energizedengines.com/products/ratchet-stud-cs-49"
780603,2,https://energizedengines.com/products/sumner-780603-gear-cover-large-cs-22,"https://energizedengines.com/products/gear-cover-large-cs-22"
780602,2,https://energizedengines.com/products/sumner-780602-gear-cover-small-cs-21,"https://energizedengines.com/products/gear-cover-small-cs-21"
781063,2,https://energizedengines.com/products/sumner-781063-shear-pin-wldmnt-tee-head-ext,"https://energizedengines.com/products/shear-pin-wldmnt-tee-head-ext"
780335,2,https://energizedengines.com/products/sumner-780335-handle-lock-pin-r-series-rab,"https://energizedengines.com/products/handle-lock-pin-r-series-rab"
780452,2,https://energizedengines.com/products/sumner-780452-shaft-weldment-r-series-rab,"https://energizedengines.com/products/shaft-weldment-r-series-rab"
780297,2,https://energizedengines.com/products/sumner-780297-sheave-assm-2-r-series-rab,"https://energizedengines.com/products/sheave-assm-2-r-series-rab"
780299,3,https://energizedengines.com/products/sumner-780299-equalizing-pulley-assm-r-100,"https://energizedengines.com/products/sumner-780299-equalizing-pulley-assembly | https://energizedengines.com/products/equalizing-pulley-assm-r-100"
780251,2,https://energizedengines.com/products/sumner-780251-ratchet-dog-spacer-wj-55,"https://energizedengines.com/products/ratchet-dog-spacer-wj-55"
780225,2,https://energizedengines.com/products/sumner-780225-load-drum-pinion-spacer-wj-28,"https://energizedengines.com/products/load-drum-pinion-spacer-wj-28"
780248,3,https://energizedengines.com/products/sumner-780248-sureel-lever-assy-wj-53,"https://energizedengines.com/products/sumner-780248-sureel-lever-assy-wj-52 | https://energizedengines.com/products/sureel-lever-assy-wj-52"
780217,2,https://energizedengines.com/products/sumner-780217-load-ratchet-dog-wj-20,"https://energizedengines.com/products/load-ratchet-dog-wj-20"
780213,2,https://energizedengines.com/products/sumner-780213-load-id-brake-disc-wj-16,"https://energizedengines.com/products/load-id-brake-disc-wj-16"
780207,2,https://energizedengines.com/products/sumner-780207-idler-gear-assembly,"https://energizedengines.com/products/idler-gear-assembly"
780204,2,https://energizedengines.com/products/sumner-780204-load-drum-pinion-wj-5,"https://energizedengines.com/products/load-drum-pinion-wj-5"
780192,2,https://energizedengines.com/products/sumner-780192-shear-pin-weldment,"https://energizedengines.com/products/shear-pin-weldment"
780198,2,https://energizedengines.com/products/sumner-780198-shaft-wldmnt-bm-side-z-29,"https://energizedengines.com/products/shaft-wldmnt-bm-side-z-29"
780090,2,https://energizedengines.com/products/sumner-780090-b-m-front-shaft-pl-rab-204,"https://energizedengines.com/products/b-m-front-shaft-pl-rab-204"
780052,3,https://energizedengines.com/products/sumner-780052-counterweight-rab-512,"https://energizedengines.com/products/sumner-780052-counterweight-rab-511 | https://energizedengines.com/products/counterweight-rab-511"
780047,3,https://energizedengines.com/products/sumner-780047-shaft-stay-rab-417,"https://energizedengines.com/products/sumner-780047-shaft-stay-rab-416 | https://energizedengines.com/products/shaft-stay-rab-416"
780027,2,https://energizedengines.com/products/sumner-780027-wear-plate-bm-rab-206-z-27,"https://energizedengines.com/products/wear-plate-bm-rab-206-z-27"
780021,2,https://energizedengines.com/products/sumner-780021-roller-bm-rab-223,"https://energizedengines.com/products/roller-bm-rab-223"
775060,2,https://energizedengines.com/products/sumner-775060-bush-bz-3-4-x-7-8-x-5-9,"https://energizedengines.com/products/sumner-775060-bush-bz-3-4-x-7-8-x-5-8"
771460,2,https://energizedengines.com/products/sumner-771460-screw-shss-3-8-16-x-3-8-cup-pt-1,"https://energizedengines.com/products/sumner-771460-screw-shss-3-8-16-x-3-8-cup-pt"
771125,2,https://energizedengines.com/products/sumner-771125-screw-hhc-1-2-13-x-2,"https://energizedengines.com/products/sumner-771125-screw-hhc-1-2-13-x-1"
780349,2,https://energizedengines.com/products/sumner-780349-roller-center-mast-r-100-150,"https://energizedengines.com/products/roller-center-mast-r-100-150"
780125,2,https://energizedengines.com/products/sumner-780125-mast-elevation-line-r-250,"https://energizedengines.com/products/mast-elevation-line-cable-r-250"
780122,2,https://energizedengines.com/products/sumner-780122-mast-elevation-line-r-180,"https://energizedengines.com/products/mast-elevation-line-cable-r-180"
780123,2,https://energizedengines.com/products/sumner-780123-equalizing-line-r-250,"https://energizedengines.com/products/equalizing-line-cable-r-250"
780121,2,https://energizedengines.com/products/sumner-780121-equalizing-line-r-100-150,"https://energizedengines.com/products/equalizing-line-cable-r-100-150"
780175,2,https://energizedengines.com/products/sumner-780175-r-series-z-series-cs-2000-winch-assembly,"https://energizedengines.com/products/sumner-780175-r-series-z-series-cs-2000-winch-assembly-fits-r-150-r-180-and-r-250"
780036,2,https://energizedengines.com/products/sumner-780036-shaft-equalizing-rab,"https://energizedengines.com/products/shaft-equalizing-rab"
780035,2,https://energizedengines.com/products/sumner-780035-wear-plate-cm-rab-304,"https://energizedengines.com/products/wear-plate-cm-rab-304"